"name","created_date","giai_dac_biet","giai_nhat","giai_nhi","giai_ba_1","giai_ba_2","giai_tu_1","giai_tu_2","giai_tu_3","giai_tu_4","giai_tu_5","giai_tu_6","giai_tu_7","giai_nam","giai_sau_1","giai_sau_2","giai_sau_3","giai_bay","giai_tam"
GiaLai,2019/07/27,049823,62883,25352,10118,35165,83500,15071,60315,27506,57960,91787,07255,0646,3970,7442,0553,013,86
GiaLai,2019/07/19,036854,98915,40568,11271,36357,39088,65059,04993,60554,59574,46126,62832,1234,6707,9817,6937,056,11
GiaLai,2019/07/12,294969,23792,21830,25057,13273,81537,34379,42391,60906,26840,33277,75067,2590,8073,5882,1290,041,37
GiaLai,2019/06/21,862471,63235,80855,52015,99669,02243,77381,48905,91604,31762,59631,19132,3942,1286,2003,7245,470,24
GiaLai,2019/06/15,759135,17719,69309,54432,15809,15394,43638,44561,26628,88046,22356,96369,3757,2988,6353,1619,153,87
GiaLai,2019/06/07,583902,23628,58675,80409,24545,50718,23292,13655,36901,67861,58636,30046,6684,0698,3929,5778,836,27
GiaLai,2019/05/31,748600,85625,03172,67834,82515,00723,87172,03470,68406,22828,14888,89647,9153,2496,9388,5919,035,14
GiaLai,2019/05/24,815591,19140,82582,03409,78065,05076,32909,24149,41236,76377,13649,85822,0799,4438,4365,7948,165,77
GiaLai,2019/05/17,721928,48663,97087,02127,07015,86114,20552,67457,09865,50595,94955,91519,9589,7650,9438,4220,503,13
GiaLai,2019/05/10,971540,64194,39112,04494,54569,75591,64118,24013,74633,97009,80495,64098,9480,1218,6145,7961,080,51
GiaLai,2019/05/03,411279,07329,50112,47437,95933,75651,46743,82533,00041,11195,75163,43208,4911,2917,9312,4267,582,59
GiaLai,2019/04/19,807520,91251,97508,01442,24160,08627,85789,88938,47685,46440,44745,85614,4016,6655,8993,5720,828,46
GiaLai,2019/04/12,776463,11048,30443,28637,53241,71420,16221,53714,45507,67173,34930,25025,2496,4104,3406,3856,444,22
GiaLai,2019/03/29,155679,70942,33071,73074,43512,40053,46360,34884,58022,04920,14342,93338,6481,3938,1295,4426,461,36
GiaLai,2019/03/15,235808,48301,17406,69599,75536,65610,14526,30634,16719,71789,16450,53617,6834,5741,1634,9751,941,36
GiaLai,2019/03/08,130795,19579,98584,67308,32067,53377,68269,71931,54920,60706,43293,84020,2570,2107,9681,2304,061,05
GiaLai,2019/03/01,752417,47804,65187,33776,98705,73163,87360,88285,45178,21219,06941,30661,5118,6963,1131,2769,377,13
GiaLai,2019/02/22,174177,54761,70816,54641,76685,32786,36056,75881,58991,45414,62206,02880,5481,2568,6965,2702,183,25
GiaLai,2019/02/15,053681,48624,11687,43449,03420,56495,30590,23008,98503,11262,15341,39530,2976,9795,6145,1248,748,43
GiaLai,2019/02/08,063571,25015,33468,39187,53220,14292,97319,92068,67215,85639,86372,18449,4238,5332,4661,7552,069,42
GiaLai,2019/01/18,761415,31768,30107,36038,71098,45449,40423,83347,63455,01328,61835,25769,3186,5617,3947,4158,195,78
GiaLai,2019/01/11,035115,37172,58948,43516,18563,76403,97607,50632,97062,46222,78680,90495,8968,0553,9138,0022,219,50
GiaLai,2019/01/04,503204,22960,87564,77929,98870,51586,13953,93751,16829,23338,88955,76252,9164,0790,1631,8130,568,06
GiaLai,2018/12/28,874315,76538,93187,28366,83363,08644,84492,85299,31925,09714,53440,74901,6335,0960,1943,4746,967,09
GiaLai,2018/12/21,132312,90598,84016,74727,13670,91734,07002,16410,50021,27376,87354,43303,3393,4754,1644,4832,256,36
GiaLai,2018/11/30,188377,80675,41908,14750,65224,32900,18864,66726,08166,82920,52874,69464,4229,6432,4419,3447,518,05
GiaLai,2018/11/23,506682,00461,50564,31556,34364,60618,14670,18025,79235,67504,40930,23448,7877,1781,3388,6347,099,58
GiaLai,2018/11/16,951309,56144,87181,07446,02625,77302,94597,49189,01950,89165,55793,51059,2220,3756,7798,3568,234,83
GiaLai,2018/11/09,525986,98968,16131,44735,31311,18483,87001,76872,55237,36478,46863,58930,1305,4895,4055,1816,439,12
GiaLai,2018/11/02,370117,57623,57781,04088,28439,68792,15344,61272,15900,24108,10390,15005,5434,0572,5401,1210,615,54
GiaLai,2018/10/26,039647,12836,30623,84338,36209,90202,41819,86765,71881,64351,30272,41158,0488,4349,2521,2860,228,24
GiaLai,2018/10/19,462115,86390,73810,16458,80743,10138,90572,74465,67669,12984,57262,49244,9271,6307,8550,5439,907,50
GiaLai,2018/10/12,975126,39552,19334,54736,38096,94003,76916,04710,96355,03117,72176,93509,5784,4660,7358,0420,615,00
GiaLai,2018/10/05,607775,40306,65267,35672,73762,91166,30359,30490,58208,84616,41202,75600,6583,7741,0432,0943,352,43
GiaLai,2018/09/28,448134,83516,91433,67803,42059,46129,78748,51535,55077,35252,71810,07913,8077,6485,6525,3644,559,49
GiaLai,2018/09/21,872881,53210,76477,26534,24476,89385,39186,03613,73652,17742,78242,04640,7167,0504,8670,7881,991,98
GiaLai,2018/09/07,821213,86208,97743,62095,75572,26696,90159,44597,67905,96240,93759,39001,8097,6241,7261,8551,058,23
GiaLai,2018/08/31,007720,53821,05042,73777,46398,85662,74623,11912,54460,13823,18153,86069,7971,6293,3573,9905,986,40
GiaLai,2018/08/24,237334,65543,90729,49164,37889,53522,48899,50063,15768,08318,01231,21126,5264,0868,9320,3940,779,47
GiaLai,2018/08/03,894092,26236,92946,02390,97796,99379,77745,93152,41601,88438,78660,51252,6612,0902,7458,2672,168,97
GiaLai,2018/07/27,765227,62551,70970,42485,03594,98734,70702,04477,54902,53628,57342,98853,8355,0375,0843,7698,709,29
GiaLai,2018/07/13,503442,79178,20923,06903,80121,33924,48753,47700,55305,03580,81243,19778,0273,9078,8694,9503,096,66
GiaLai,2018/07/06,466335,08360,63073,30158,27266,37450,56382,32086,18702,22511,75433,48467,1655,9878,9753,6409,744,66
GiaLai,2018/06/29,293470,55659,77094,93810,39747,13493,86675,21811,78738,01253,56424,68109,1889,8422,9007,6155,840,30
GiaLai,2018/06/22,363421,61896,28541,26247,12538,68752,49365,85276,41640,04294,68837,08835,4667,2442,8824,8758,373,09
GiaLai,2018/06/15,801042,54039,89057,96742,34271,03523,58085,95850,18051,39446,08178,97133,8591,2430,9028,6590,340,14
GiaLai,2018/06/08,068496,18771,32553,47020,94018,60845,58627,94139,95774,30941,20240,99948,8095,9536,7376,7020,839,88
GiaLai,2018/06/01,928264,88390,00918,49427,15664,85313,79252,40238,09772,59686,50451,99043,8609,1914,6392,4117,861,53
GiaLai,2018/05/25,422916,74026,77168,35931,62942,32859,90281,71150,12559,79044,50088,05836,3685,4952,3180,3212,535,19
GiaLai,2018/05/18,805946,66162,04664,50908,99274,17466,18666,20043,73024,48027,44527,69466,6780,9511,3782,3511,997,32
GiaLai,2018/05/11,965891,16641,62812,84126,82758,12296,08531,32216,85239,13590,35722,82065,4816,2063,9732,2947,517,84
GiaLai,2018/05/04,853509,93152,96053,10437,44609,60244,79678,33745,92341,84275,01279,01989,0957,2762,8420,9232,760,40
GiaLai,2018/04/27,575149,99560,42341,48351,59020,38984,33463,23631,42776,02064,54865,44462,3420,6908,7263,4932,254,36
GiaLai,2018/04/20,522579,64313,81016,79866,51336,67225,64284,54417,73366,93716,05709,80474,9514,2445,6703,1494,201,25
GiaLai,2018/04/13,996308,87164,53208,57778,23757,95516,86442,86587,78827,83650,41666,18083,6053,5394,9240,0190,112,46
GiaLai,2018/04/06,822017,48651,53572,45855,84493,88249,85995,99933,05662,62629,63850,59029,4901,4699,3546,2427,502,45
GiaLai,2018/03/30,420318,97651,30059,25180,61720,02851,61886,25311,44678,87374,36547,60245,7257,5364,6561,7073,842,46
GiaLai,2018/03/23,380596,38855,76272,69919,00570,59827,01675,07001,89170,93099,23581,58110,0143,8203,3281,6619,668,59
GiaLai,2018/03/16,204189,07035,86559,46191,05171,26307,74235,18483,61174,06525,71466,74151,0854,5974,5456,9939,180,88
GiaLai,2018/03/09,730210,43784,01364,56629,60837,78059,44881,15225,40390,32663,46806,08537,0179,3492,2289,9732,739,04
GiaLai,2018/03/02,782110,22448,96561,81197,42180,62589,37324,63553,81174,32840,85425,62506,7562,5999,8915,7454,299,32
GiaLai,2018/02/23,414815,52781,49020,01627,58595,52692,88187,64544,42868,08939,56724,86384,3469,9218,0997,2262,240,63
GiaLai,2018/02/16,737179,95597,13455,14795,89692,53629,58917,16614,26298,32417,40624,20617,7254,0535,4289,8667,298,44
GiaLai,2018/02/09,193228,36591,49382,70542,38673,83752,44284,66746,68270,62859,06256,96213,6168,1840,1420,7720,322,45
GiaLai,2018/02/02,826248,28607,73796,61084,20574,86878,27592,03985,25878,52546,02409,95832,8123,7784,8477,7417,926,55
GiaLai,2018/01/26,159337,59345,95299,81792,40542,07046,87082,64241,74107,49400,47841,81186,4691,4405,0270,6533,035,73
GiaLai,2018/01/19,635919,49343,32235,37539,00856,56727,43218,73173,94632,20822,55059,03906,2889,9426,6182,9659,550,33
GiaLai,2018/01/12,867516,51274,63141,54295,04593,00299,15241,49223,20245,84434,68552,72852,0340,1346,5804,2263,376,65
GiaLai,2018/01/05,582780,94693,22771,80483,82553,86660,69260,15184,14808,13479,53838,95507,9923,4750,4989,2195,894,85
GiaLai,2017/12/29,429411,23555,60143,29783,59011,97170,59970,34504,08589,49317,52723,80479,7576,5243,8607,6672,863,58
GiaLai,2017/12/22,602001,84920,97222,10043,24568,77373,47610,90177,90394,22136,56339,77098,6722,8333,1547,7337,670,58
GiaLai,2017/12/15,505380,60731,50127,46256,64672,00311,33369,67230,10956,86445,28306,86250,8955,6741,3600,2399,630,53
GiaLai,2017/12/08,757807,35475,68017,66686,69073,18597,76739,70382,07359,63849,07244,14732,5333,6122,3587,2601,279,52
GiaLai,2017/12/01,721267,62063,77354,91144,12958,50364,17597,74196,78388,57923,86842,22392,0877,4591,2595,5798,027,95
GiaLai,2017/11/24,010924,98082,40977,42187,22517,34923,09723,78370,55860,73015,68743,42788,9344,6704,6871,0618,645,98
GiaLai,2017/11/17,640891,74557,65880,89825,10091,45537,76383,10169,18483,28570,42934,39755,7838,4325,7190,1735,361,58
GiaLai,2017/11/10,298345,19375,65705,19027,45263,30575,79710,14192,42898,92089,23543,58624,1124,4043,4198,0081,692,53
GiaLai,2017/11/03,162570,30148,14213,03919,65137,50489,14774,84923,51500,11582,87452,65429,2087,9763,9115,2528,019,44
GiaLai,2017/10/27,681527,19077,67246,91650,06922,37953,19450,11596,40358,99831,07307,59030,7843,4671,9029,2349,114,93
GiaLai,2017/10/20,905201,02129,15176,75831,94058,33889,75844,24234,04366,58182,05233,27161,4170,5615,0609,4815,600,71
GiaLai,2017/10/13,338435,15033,62002,62301,29767,39114,65634,04344,12906,39077,01060,78145,5934,7772,8827,4040,553,18
GiaLai,2017/10/06,389702,34741,80483,02921,40417,41176,94782,87040,52941,77768,88429,88249,2905,4110,1693,6506,266,63
GiaLai,2017/09/29,789299,23048,96444,45746,40456,14616,87837,01195,20261,40290,10870,24596,4678,3098,8133,1619,784,58
GiaLai,2017/09/22,136737,70783,02122,55153,26608,84165,16276,98642,66665,95795,45804,44824,5854,4091,4831,6655,526,84
GiaLai,2017/09/15,711509,11039,47655,30419,80807,22346,92970,80769,61592,45874,95743,28120,9414,2746,4955,1119,026,85
GiaLai,2017/09/08,623416,28612,75760,21611,55917,21546,96405,77610,22436,28234,70887,30051,8721,3118,8034,2122,292,39
GiaLai,2017/08/25,302842,84326,61763,83819,24766,09017,00152,63034,64573,58738,60292,39335,0757,3372,3112,2444,144,86
GiaLai,2017/08/18,347808,12594,58491,62139,10685,85218,81350,10551,59913,14865,71534,41639,2716,0540,2554,7119,267,31
GiaLai,2017/08/11,753341,88942,71436,77132,63049,80503,65621,29776,93032,22958,94915,80976,4230,3203,5130,0896,277,77
GiaLai,2017/07/28,933032,67161,89851,89210,40328,07161,80448,99891,71842,47961,97539,94877,6705,0230,3036,4335,334,31
GiaLai,2017/07/21,344474,10872,10471,14096,51242,91452,81858,80340,29161,75061,18333,15237,9523,7950,4044,2047,865,54
GiaLai,2017/07/14,877913,81430,60450,32955,53591,60613,68972,57111,57656,09209,02644,77082,9094,5743,1700,2155,824,97
GiaLai,2017/07/07,503238,38515,09586,77660,64433,30761,31909,86391,93697,17750,16575,52583,1756,0796,8738,3315,286,24
GiaLai,2017/06/30,767311,95840,57813,82170,62968,92342,64870,66075,45522,10708,41936,07144,2520,5033,9461,2641,854,92
GiaLai,2017/06/23,091819,08184,34697,67246,26537,84799,94280,30903,20498,30962,68066,84480,7428,1276,9150,6634,918,49
GiaLai,2017/06/16,750161,48728,47987,96332,49310,51088,97581,05652,79473,19298,41188,22932,6726,9380,6510,7519,347,17
GiaLai,2017/06/09,607072,49982,38124,08049,65375,29959,84278,05435,91338,84536,45753,85168,1668,6777,1083,0780,030,81
GiaLai,2017/06/02,649061,31681,05581,10567,82521,02068,08652,03517,68563,48555,08369,58534,2350,0795,8873,6708,339,98
GiaLai,2017/05/19,258605,44423,73162,59530,44695,13193,68596,20551,24595,21773,58838,59662,9908,2372,3170,5120,731,30
GiaLai,2017/05/12,287944,74597,85780,14357,94327,04405,61722,14283,18198,41606,85386,02753,8908,8646,9658,5296,200,93
GiaLai,2017/05/05,663389,06312,44491,56543,56538,45573,03384,68183,76080,82664,95037,07373,1262,9397,2942,5507,975,16
GiaLai,2017/04/28,617457,88143,33364,38923,09195,81110,80033,15433,79129,91931,28194,97627,6688,0081,8443,5318,024,21
GiaLai,2017/04/21,770969,92576,13229,11009,82836,62346,02910,17458,89452,34845,42086,30060,8021,0221,3918,2143,505,87
GiaLai,2017/04/14,782050,95295,00260,37642,55818,90009,51088,30318,58046,41151,75432,39544,5537,1521,3386,3720,076,24
GiaLai,2017/04/07,987359,56923,53042,95951,53218,41232,44436,23053,86677,68964,40988,31681,5248,6868,9404,2302,529,35
GiaLai,2017/03/31,34445,30375,28456,24918,48084,69962,99544,85240,87694,85009,30996,61955,1807,8412,1018,0902,244,64
GiaLai,2017/03/24,25088,45737,33654,53715,47700,65182,87687,53535,82832,54393,03249,71784,1860,5051,5712,1026,015,96
GiaLai,2017/03/17,77638,00978,68079,78786,78941,24931,25634,73447,99850,94662,68249,04070,8179,8798,0036,0462,415,13
GiaLai,2017/03/10,07912,19435,87546,96817,62564,92698,66954,02579,43143,30932,81533,35474,4677,4251,8606,9930,777,44
GiaLai,2017/03/03,31797,41313,57854,24574,80800,72930,67594,18778,78413,57149,32813,03347,1575,0653,3995,3244,566,53
GiaLai,2017/02/24,43985,32887,56840,12650,49803,86433,30947,49597,86062,60142,56156,38624,4583,0035,4526,8556,171,40
GiaLai,2017/02/17,14514,33042,20333,17175,17469,64135,68172,96698,19896,31591,25260,01051,5513,0812,9945,5956,237,43
GiaLai,2017/02/10,51635,24485,64663,31776,90084,53509,71189,24352,16732,17773,78958,73742,7703,4339,2331,7338,887,04
GiaLai,2017/02/03,29270,94933,42148,84728,54537,53759,08887,28349,17029,52510,84750,53461,5427,4716,2679,7054,315,29
GiaLai,2017/01/27,68202,24008,85765,56603,66450,53185,70984,23071,18517,61332,45417,80843,6194,2963,4240,8634,600,50
GiaLai,2017/01/20,24440,31498,60024,20383,51436,71663,52514,81486,92310,75373,71039,65743,4812,6588,0005,9066,701,41
GiaLai,2017/01/13,07220,33797,61549,49176,69338,97662,35681,93269,35485,73139,64027,58618,9777,6001,1773,2748,244,96
GiaLai,2017/01/06,30577,89880,80255,56535,15247,86320,78462,13376,81606,75954,47485,23379,7536,1076,1136,9767,679,23
GiaLai,2016/12/30,75752,60900,70104,81408,02139,95419,59356,37458,43286,88686,05752,76894,8959,6333,4712,6078,955,37
GiaLai,2016/12/23,15625,97870,72278,86747,38658,06708,02648,60643,09904,09592,51431,30671,1666,8204,4277,8021,929,16
GiaLai,2016/12/16,03691,68544,00963,69932,52079,55785,63576,14106,81606,54306,51355,15490,1253,5251,3976,3368,986,69
GiaLai,2016/12/09,96191,94915,53560,18589,63016,39935,78751,56905,27396,91040,60726,27150,3552,4942,5306,4024,917,99
GiaLai,2016/12/02,51004,31257,28983,51306,37008,93512,70261,05422,15794,72183,46158,07927,5609,4490,6741,3609,651,52
GiaLai,2016/11/25,82003,86303,57605,61511,07624,81488,90277,54400,64336,30691,05329,56841,2032,6763,2736,5362,667,04
GiaLai,2016/11/18,13923,68083,67106,00826,83936,62917,15220,09286,30905,96925,24899,63065,5811,0084,4738,8312,797,69
GiaLai,2016/11/11,24165,52794,57203,88621,52939,41743,27697,71678,17438,01661,62927,14749,8972,2360,7359,0534,170,45
GiaLai,2016/11/04,94658,59838,95955,20252,03978,87504,49027,26640,26864,41155,86702,27899,3781,9428,2552,0216,980,78
GiaLai,2016/10/28,21670,93400,19026,89589,69860,26319,85937,88083,02878,05508,91465,81727,5848,3739,4162,1831,901,70
GiaLai,2016/10/21,53563,02414,57043,93036,59520,91167,87351,06700,97493,58684,56052,97064,4045,7183,9878,9366,500,83
GiaLai,2016/10/14,47716,00872,96990,30317,19739,57603,54340,30291,54272,86325,04092,53000,2374,5434,5471,8041,283,65
GiaLai,2016/10/07,37796,25233,38046,52059,86834,05518,35767,49015,15865,61840,12971,97238,4828,4239,6165,3747,258,62
GiaLai,2016/09/30,68700,66625,20294,83364,71734,78810,60312,90835,15167,89206,39193,77647,1961,1834,5125,8099,974,09
GiaLai,2016/09/23,65761,31643,84613,54605,30683,49415,77701,42772,33327,98971,02892,34951,5610,3902,6417,4679,498,36
GiaLai,2016/09/16,08972,37785,13656,41523,26095,86689,52783,55369,38073,17391,68818,02568,8209,6570,9641,2872,617,72
GiaLai,2016/09/09,61682,23015,36266,79987,96684,48850,01834,17624,21659,67277,10922,77443,4430,1623,9421,6076,117,81
GiaLai,2016/09/02,22018,04026,72870,07156,76974,91280,23821,17726,10272,79251,06712,24175,4449,4698,8479,5936,768,89
GiaLai,2016/08/26,31420,87558,89334,89211,69447,91617,89021,02313,35634,15644,89280,12233,8521,9558,6755,4968,802,10
GiaLai,2016/08/19,55168,96424,08274,85218,90172,97611,47658,28368,17374,25967,67228,67336,9673,7529,7286,3323,859,17
GiaLai,2016/08/12,65052,27463,74210,72802,00101,38396,08559,45660,59627,49873,54764,83658,5952,0049,0926,9537,780,67
GiaLai,2016/08/05,23007,48951,32298,54411,86049,42471,20852,03661,17162,73821,32728,56915,1615,8433,1705,2675,449,11
GiaLai,2016/07/29,70375,50176,62396,76718,21090,52529,69866,22693,50796,28198,71388,48712,0517,7738,1385,8864,514,60
GiaLai,2016/07/22,82345,11261,68214,47355,19911,38462,25101,71837,64020,78415,12210,02686,5682,3614,0460,7478,865,87
GiaLai,2016/07/15,92082,58829,33332,00166,97244,50014,89148,43229,37226,44570,33642,17836,7932,6208,8777,0203,830,96
GiaLai,2016/07/08,88071,61906,10028,37568,61437,07170,66353,22381,42103,74250,32540,30702,7089,8538,7564,3723,317,39
GiaLai,2016/07/01,98777,34032,56668,14952,87239,89156,27747,61268,91467,06446,83869,54823,0647,4694,8837,1340,761,67
GiaLai,2016/06/17,70402,52538,54038,46600,30842,65305,18655,68033,20902,96636,11002,19125,3614,1359,8613,7820,388,05
GiaLai,2016/06/03,28227,47259,28827,96093,14100,49767,07836,17007,43551,90543,25873,95109,8603,0603,6375,1033,136,94
GiaLai,2016/05/27,07969,69037,96673,23788,66879,49588,53960,10005,31474,75836,16538,93020,2074,3546,4367,8097,836,46
GiaLai,2016/05/20,05345,49320,38360,80127,93294,63210,90259,05182,04218,27678,90106,43864,5607,0021,8130,0803,368,19
GiaLai,2016/05/13,98518,57419,87039,14368,80827,06543,70785,82339,29983,35960,96950,07666,0585,1999,4532,9600,522,70
GiaLai,2016/05/06,87213,09809,26802,81808,62525,03550,15548,28354,64071,63560,66626,05637,6333,9200,1602,1663,483,75
GiaLai,2016/04/29,01945,46167,15718,09279,39460,33951,20891,41492,27221,17921,85027,03197,7457,4996,8597,9094,502,85
GiaLai,2016/04/22,32302,79242,36245,86782,27644,62620,93872,94712,37459,67544,56905,81362,3245,5483,3874,9793,844,08
GiaLai,2016/04/15,53246,20510,26487,60034,80670,97522,06611,12617,66822,50157,02157,59249,7618,8995,6238,7501,920,98
GiaLai,2016/04/08,79073,24363,74497,52376,26840,46975,50508,19836,53122,84709,57949,67328,9877,1990,1291,0526,853,29
GiaLai,2016/04/01,37300,70021,05484,87471,94274,18979,07384,61515,89866,45275,79642,86285,0098,2724,7922,9038,525,48
GiaLai,2016/03/25,750205,94003,12687,56989,42551,27750,66846,22238,89477,94729,88566,85328,4898,2790,8445,7737,281,79
GiaLai,2016/03/18,600795,86814,38385,61050,59808,17707,71515,70905,11412,59424,56430,94675,0217,3874,2324,9058,658,41
GiaLai,2016/03/11,584455,61056,90473,12263,61694,96098,21160,90874,08188,37122,40935,12093,7376,7686,9752,4860,462,45
GiaLai,2016/03/04,629227,54190,52946,64924,24543,57477,70491,62098,34701,48182,93486,21777,8292,9270,6127,4495,138,04
GiaLai,2016/02/26,023966,29985,80810,70480,09067,45647,19390,13879,09551,50406,27656,61274,8998,6228,4529,7444,321,52
GiaLai,2016/02/19,879244,75291,70789,83917,37407,96924,64641,69190,78936,96308,25042,83560,4057,4160,0283,1699,129,24
GiaLai,2016/02/12,455319,68989,69843,23246,26809,02689,84217,90501,52311,88755,83005,75483,3304,1098,4549,4026,097,46
GiaLai,2016/02/05,687260,79224,32266,83516,82844,12257,86260,29892,95248,43238,27331,34919,9218,7918,6527,9744,246,19
GiaLai,2016/01/29,675246,45879,23439,58981,42323,20827,56566,55153,15360,38166,88823,46154,2523,6142,5551,2116,367,93
GiaLai,2016/01/22,622583,86273,54775,13484,35288,60783,80144,37017,49561,96043,93169,26851,4140,1978,3696,9556,644,13
GiaLai,2016/01/15,845068,84409,35329,12378,32060,26601,89769,48443,25163,93690,59287,26456,8481,3331,2249,0235,463,34
GiaLai,2016/01/08,377402,14191,78639,80933,16735,92135,97310,90515,39900,08114,88878,92315,2272,1354,7344,8901,427,50
GiaLai,2016/01/01,354816,96418,56174,18342,03037,74509,55621,79789,95627,66424,66424,25028,2142,3378,8867,8975,417,90
GiaLai,2015/12/25,428962,55085,37401,37836,32108,63926,02964,68039,83084,59031,14282,98493,8569,8778,4196,6455,820,94
GiaLai,2015/12/18,708050,49784,36617,07463,18120,88277,66060,54023,15627,01833,88661,62948,5611,1917,8508,6175,779,08
GiaLai,2015/12/11,920589,76331,52959,58558,88582,74763,28322,06064,42563,76426,72910,12340,3157,4152,6638,6017,009,84
GiaLai,2015/12/04,853083,99605,90298,45101,09698,68258,97436,56850,00285,96777,47645,18003,4478,7379,0231,4964,816,71
GiaLai,2015/11/27,626385,60253,59249,66244,51977,36758,43976,27082,92701,02510,02000,39553,5686,5140,4442,6201,159,49
GiaLai,2015/11/20,753126,69356,99840,52620,21581,89893,88976,75854,33552,90432,90894,70657,8013,2403,8971,3887,714,16
GiaLai,2015/11/13,038738,23523,11123,46436,19457,33172,59910,57645,48170,72475,54699,15473,4186,7791,6076,5214,950,07
GiaLai,2015/11/06,21962,65134,22401,93612,52170,07723,55067,48340,47591,26831,92221,60612,5719,1175,3018,0193,452,02
GiaLai,2015/10/30,04493,03445,40845,49427,67225,54246,85845,65429,53998,75725,53614,66439,8546,2482,6496,2855,155,53
GiaLai,2015/10/23,00006,37778,17414,83846,20224,25505,29104,52019,91669,01870,61656,78022,3528,6290,8313,9952,786,45
GiaLai,2015/10/16,99383,61883,04232,78614,70106,06926,51238,05131,10146,94648,30911,68661,0823,0545,3924,5302,951,75
GiaLai,2015/10/09,62390,95450,86148,11142,33561,60453,56171,26601,82354,86135,87021,46110,1391,4081,2750,3263,592,62
GiaLai,2015/10/02,15124,78757,04542,50315,77603,44825,48278,10371,04289,55870,28007,45722,4138,6701,0885,6355,378,17
GiaLai,2015/09/25,13109,48199,90479,38136,44351,89277,09897,64658,96156,98598,81315,62330,8176,4019,0218,2320,223,53
GiaLai,2015/09/18,85180,67376,52747,72388,90715,69173,59805,32972,02542,09358,79727,37110,0525,9831,7605,7486,556,86
GiaLai,2015/09/11,22394,07500,04189,44189,68696,92879,98938,08325,01632,32275,54787,70248,0117,9331,7369,5288,015,75
GiaLai,2015/09/04,72435,40270,93568,25834,95917,37100,74520,36392,20409,76436,59207,40757,9383,2289,5706,3136,677,95
GiaLai,2015/08/28,77306,94025,20338,14360,10150,30677,40896,55948,22178,49884,61303,88107,1563,8815,6429,9403,714,87
GiaLai,2015/08/21,02592,96597,42436,10710,19135,12319,31428,28463,32576,92599,64571,22246,9201,9421,4833,8876,278,02
GiaLai,2015/08/14,20973,35404,63864,26954,39279,06046,34159,99949,63989,31739,76570,77574,7241,2037,5323,3470,617,84
GiaLai,2015/08/07,07003,23011,08477,48980,20234,97512,49522,05841,87839,30434,57527,89169,6436,4963,3335,6220,809,14
GiaLai,2015/07/31,82804,98636,79604,05021,76113,34052,84773,75120,99641,03268,22342,07565,8834,1044,5446,5202,147,85
GiaLai,2015/07/24,44596,72663,01773,65885,30523,07856,56547,55928,13682,35906,22126,43819,0352,6933,4883,3244,751,34
GiaLai,2015/07/17,80575,80627,80360,19599,22185,39747,59538,41288,50427,02048,12021,29230,3479,2141,9125,9613,614,25
GiaLai,2015/07/10,53614,15429,14637,50607,07642,53698,68396,84609,69211,79831,56905,45333,6115,9172,2859,5844,133,05
GiaLai,2015/07/03,44315,10124,88410,23292,93225,37302,66263,85806,19099,30399,58735,85820,9917,3709,8742,3019,623,61
GiaLai,2015/06/26,90484,65239,81446,12040,40090,02685,74846,58963,03315,27081,70286,25840,1667,7414,1808,7294,419,58
GiaLai,2015/06/19,96961,72629,82253,55523,87306,01717,81701,97342,82685,21940,97310,85481,2969,7997,5479,5872,043,70
GiaLai,2015/06/12,06851,78248,46608,61100,41413,82778,34482,33918,55562,29108,61534,71452,7888,5092,6598,1342,498,13
GiaLai,2015/06/05,72971,32306,51154,82089,98742,46017,72002,69504,31404,82283,65560,95282,6687,9610,7039,8901,716,09
GiaLai,2015/05/29,31344,26106,14084,24900,09069,40648,98661,33681,10299,50791,01474,34808,9174,8936,1205,0321,740,78
GiaLai,2015/05/22,71643,60024,25322,16150,94107,30303,88222,19136,79097,37799,74256,95568,1624,4324,9602,8470,030,95
GiaLai,2015/05/15,22722,19159,99305,98272,23326,66959,84819,96258,65295,67824,70707,15549,7838,9892,6805,4121,539,02
GiaLai,2015/05/08,26687,35566,58831,42383,99248,90770,70623,05362,91496,77843,58061,91443,1608,8090,7347,3781,066,88
GiaLai,2015/05/01,65210,69739,37718,51710,10686,08045,83871,52396,89174,04352,68721,78784,3090,5859,2072,7644,826,79
GiaLai,2015/04/24,09780,26318,41149,44428,83070,11803,93664,94992,40236,93165,51870,57523,9895,8567,6523,5451,327,47
GiaLai,2015/04/17,10283,70394,04296,44301,76304,62124,97073,69135,93997,27285,41275,57694,0387,3163,3785,3884,735,81
GiaLai,2015/04/10,56104,62066,88665,01241,77313,89743,33521,41534,70801,47516,84673,74593,9058,0122,2651,9120,253,13
GiaLai,2015/04/03,65013,60583,99541,57517,61180,80554,69636,63070,63690,65214,12637,02928,7839,2944,2925,4764,398,73
GiaLai,2015/03/27,60643,66986,80504,07748,34279,25139,79647,57360,37011,49369,33528,18763,5261,6392,1621,2297,731,25
GiaLai,2015/03/20,48274,51601,74524,79901,51334,63538,03808,53224,41643,10112,64866,67027,1888,7553,0697,8767,804,26
GiaLai,2015/03/13,05312,54300,04571,14851,29286,35165,54124,59932,69334,95362,86878,88050,2551,1053,0431,3247,653,95
GiaLai,2015/03/06,94569,87372,18506,02722,88430,94703,93683,58135,65612,89740,71443,82340,9016,6585,2552,9893,103,57
GiaLai,2015/02/27,12574,11515,88727,50530,05904,72512,83044,77276,06852,27614,73891,32731,5497,1401,4528,3985,033,58
GiaLai,2015/02/20,67781,38179,95789,69112,84025,56728,34477,68801,50024,25715,56152,54980,3686,1900,0536,3390,541,91
GiaLai,2015/02/13,06158,79200,91415,96634,37912,73017,68568,38625,06571,19396,18095,34722,6935,5455,0938,9512,156,69
GiaLai,2015/02/06,95283,16640,04292,48355,02288,70131,43914,40574,50435,17140,92985,02418,2794,4965,3187,7716,218,12
GiaLai,2015/01/30,86004,55814,49238,30715,42209,11872,22368,42211,55285,27886,70391,15332,0173,5170,0545,4439,665,82
GiaLai,2015/01/23,84710,48632,26094,90992,88216,83639,40930,13752,84318,58808,75396,95283,4960,6876,7541,3404,460,74
GiaLai,2015/01/16,57749,13528,99010,71158,74974,84094,93374,23405,95390,28371,60566,27833,0387,3460,3448,8871,615,62
GiaLai,2015/01/09,83214,36065,03379,25080,60455,36553,48604,72501,54646,49560,56333,38844,7785,6483,3500,8696,301,18
GiaLai,2015/01/02,37497,59049,88278,66291,86175,23439,66747,51057,44118,08437,33156,66394,5817,1541,3238,7863,502,41
GiaLai,2014/12/26,75474,45290,04194,48916,91886,67932,07620,22072,11226,87806,77249,73766,2013,0560,9660,9151,011,03
GiaLai,2014/12/19,61795,61564,51466,82606,79712,08623,20848,49143,50439,67409,21586,83119,1409,9270,0276,8197,558,01
GiaLai,2014/12/12,60625,60029,17016,68857,46649,10952,05769,91504,40945,20522,74812,91768,2793,7437,0289,0069,991,34
GiaLai,2014/12/05,35979,87746,12210,82009,74603,12345,98470,22070,95914,14359,76258,10612,1801,9506,7648,4528,595,91
GiaLai,2014/11/28,39930,26991,24067,56688,84288,35386,41910,41453,66984,88712,03525,69217,5682,8401,7258,8595,798,30
GiaLai,2014/11/21,95843,53223,14179,27871,18909,76937,62857,41133,15009,46861,18352,58613,1120,5104,2683,3730,950,28
GiaLai,2014/11/14,94392,36796,85717,64494,55992,33669,51608,77806,85651,04256,08238,75404,2856,3535,8068,8883,973,63
GiaLai,2014/11/07,49207,60051,96364,77014,86580,42127,59718,40342,97677,73063,07186,24260,0778,9232,8031,1771,275,48
GiaLai,2014/10/31,30995,28770,45667,23781,90728,73634,27283,67184,22920,26552,39994,17820,0554,2648,1401,9771,193,42
GiaLai,2014/10/24,63069,27050,61911,35385,27029,36692,72092,38667,94302,03665,73998,41319,5506,2801,9360,3855,716,23
GiaLai,2014/10/17,37239,15230,46907,89629,82960,39979,52576,79840,71304,37688,04628,04933,8028,5404,3820,8021,739,04
GiaLai,2014/10/10,64752,33908,18167,24249,40270,65443,75002,45657,41983,85919,16775,64675,8146,2237,6567,9927,956,10
GiaLai,2014/10/03,08538,70699,65567,40339,75915,12037,81463,76131,62137,97721,14126,16902,5002,0921,2118,0404,968,47
GiaLai,2014/09/26,15453,73360,28050,29549,85188,76610,41265,34355,40121,35723,51693,36154,3804,3491,6713,9946,576,67
GiaLai,2014/09/19,76181,69734,90477,01252,99543,59612,99968,04437,51077,68902,77014,51486,8786,3079,5272,2680,320,16
GiaLai,2014/09/12,23246,72540,06222,62470,54707,54290,15131,68994,87146,50522,09404,28299,2180,7604,3219,7029,063,72
GiaLai,2014/09/05,13728,00953,20732,97534,14257,84281,64009,88819,84587,80768,17203,00912,2327,2422,6731,4318,682,73
GiaLai,2014/08/29,50260,32218,52225,51026,96861,07144,12466,53774,77473,41572,28542,37642,0067,2672,4122,9527,152,55
GiaLai,2014/08/22,74334,85928,88507,75831,63108,80567,75900,63683,00373,45569,24117,06719,9334,4462,0220,3843,376,55
GiaLai,2014/08/15,39425,08857,42488,59909,88281,18657,18387,45404,82871,14450,89349,68397,9027,2329,6508,9048,230,75
GiaLai,2014/08/08,89610,32934,49151,42335,14808,86215,60269,14227,55411,91137,50640,26182,5107,0994,5389,1302,380,08
GiaLai,2014/08/01,63209,27600,37620,92592,03108,84161,50192,70076,39248,68475,68157,42885,3031,0488,4773,3433,032,92
GiaLai,2014/07/25,80557,26203,40900,91922,04766,02231,14287,91275,78972,07280,58507,84472,2573,6631,2076,2716,896,99
GiaLai,2014/07/18,73197,61354,40551,25183,95164,53716,45518,33077,17999,14864,01190,80246,6032,9231,6579,7296,030,59
GiaLai,2014/07/11,13391,28293,89697,39614,37842,96643,43868,13698,75633,05696,59885,67173,3166,7525,1613,0580,091,73
GiaLai,2014/07/04,55510,43775,15203,30180,50006,93071,59741,51374,65780,49562,12300,71841,8143,6976,8402,7715,753,00
GiaLai,2014/06/27,23632,40119,95874,85814,51389,17315,85872,63421,63219,60033,77020,73496,9499,2512,9437,9173,663,70
GiaLai,2014/06/20,58759,21338,72069,27354,90790,85281,84949,88122,56867,52247,25163,47927,4614,0363,8982,7903,284,56
GiaLai,2014/06/13,13431,13481,98701,68731,51724,10129,37787,61086,00534,34845,98173,12988,0608,9342,1769,3251,064,37
GiaLai,2014/06/06,10432,04313,12314,93475,95304,93197,03700,69009,12695,18886,79690,38883,9512,0605,5215,0114,984,66
GiaLai,2014/05/30,15565,74441,70090,31711,05212,35418,57955,52806,24402,92343,19564,81655,4914,1789,0978,3028,365,97
GiaLai,2014/05/23,98036,19161,61491,02090,30934,87143,97322,25694,11058,55775,07282,98040,8358,5895,8839,0919,666,99
GiaLai,2014/05/16,03568,86069,12646,55516,94265,95769,28301,28621,42777,66430,65331,76689,2392,8871,9280,1502,502,93
GiaLai,2014/05/09,33131,15879,65826,14533,04517,51909,15034,12965,17612,14135,14090,34470,6769,9810,0008,9916,745,41
GiaLai,2014/05/02,44778,21481,77994,72239,55780,86492,87804,99054,10287,31801,74859,12198,7742,4501,1906,4539,673,48
GiaLai,2014/04/25,54877,46317,28159,41715,34495,93104,18017,57348,33996,20828,54937,54808,0077,3297,4526,5889,523,31
GiaLai,2014/04/18,97189,31457,82355,98081,99180,21348,24833,17147,37006,23352,94736,37689,3676,2455,6266,3158,910,24
GiaLai,2014/04/11,26478,14037,31354,14299,60437,43667,42052,26784,90141,94256,95872,16330,7662,5077,3750,3825,092,54
GiaLai,2014/04/04,77542,09850,14066,29528,33195,45709,19688,05425,39808,38495,20859,93530,6981,9783,5877,2041,893,88
GiaLai,2014/03/28,94816,40147,98060,95434,69663,00316,12963,09119,28598,55621,71696,46443,5708,7861,6609,7359,322,81
GiaLai,2014/03/21,37793,67774,46140,92586,98442,58930,36294,84918,24651,97605,25524,69633,5769,5005,9264,3864,480,92
GiaLai,2014/03/14,18468,26517,90586,18376,11251,51855,10266,60751,51367,33605,10716,32301,5433,0124,4560,0600,130,51
GiaLai,2014/03/07,57512,77015,59167,67116,66401,29475,77590,99595,88548,76399,52044,50733,9615,3759,1214,1098,452,95
GiaLai,2014/02/28,96432,74836,92156,22611,63322,07508,37228,36097,98567,61318,23896,33026,7572,6914,0380,2277,936,42
GiaLai,2014/02/21,74160,82591,92859,25262,25407,49363,34047,26951,45283,91962,24458,63366,1841,5390,7143,2347,755,87
GiaLai,2014/02/14,90846,26237,74811,30758,51753,66228,99387,12231,98744,85062,08879,54264,6382,8300,5867,7128,095,94
GiaLai,2014/02/07,18019,83677,82662,75028,83071,38300,69287,73389,51607,34080,45318,55377,3704,0252,1031,0862,380,29
GiaLai,2014/01/31,70764,54674,00128,40423,45404,99098,04669,56739,76091,99886,86912,17904,4371,7864,6810,9184,694,69
GiaLai,2014/01/24,70614,50393,25718,77794,94822,59217,82141,19747,15297,51202,90425,96871,3665,3312,9974,0741,149,19
GiaLai,2014/01/17,91824,94559,89620,07644,11488,43985,59033,01828,67228,13542,11014,94462,9012,7220,6596,3957,637,50
GiaLai,2014/01/10,27794,70661,26429,09421,76352,56095,96215,67920,16122,05290,20106,67414,7994,3504,0711,2994,946,83
GiaLai,2014/01/03,63023,35394,96883,48137,50804,61283,00078,37247,80935,38087,22151,27355,4239,2429,3363,2710,070,23
GiaLai,2013/12/27,57125,68536,64679,72261,05811,30120,20027,50515,15694,89169,28396,91060,0952,9979,1424,2831,756,13
GiaLai,2013/12/20,31410,70117,25254,93599,63481,75605,10493,72935,57534,30711,21228,54908,8702,2988,1226,1810,822,62
GiaLai,2013/12/13,55343,77778,37592,65721,14281,24325,76002,96106,48268,36051,28288,60022,4691,0784,0719,1860,570,78
GiaLai,2013/12/06,93630,40358,29264,49481,61603,55782,90130,86267,12730,11487,94598,56558,5858,9110,0773,1673,362,75
GiaLai,2013/11/29,39343,97064,88688,95287,40634,89627,09804,90115,06464,97065,06615,70806,9796,3059,5381,7920,408,99
GiaLai,2013/11/22,18330,62665,13015,75093,84292,49380,23177,62684,11772,53916,95947,08238,0269,8395,8300,6483,531,93
GiaLai,2013/11/15,72176,08560,12232,69001,34886,54951,41393,68271,69825,32803,44259,92527,9701,0926,6037,4110,857,77
GiaLai,2013/11/08,80358,60208,26111,00829,19657,68996,33404,34414,60768,09417,14252,26791,3409,0435,5662,2640,311,70
GiaLai,2013/11/01,62173,85230,46958,79767,30994,54431,31189,91519,20658,78866,15417,87585,6764,7736,5087,0853,153,50
GiaLai,2013/10/25,67254,89112,62865,35375,28005,79770,63811,45836,68147,89632,62208,11901,4142,1546,9915,3430,764,32
GiaLai,2013/10/18,57711,92988,01364,91466,98095,82766,95315,09530,26574,88919,00671,58829,0428,0361,6166,4001,786,05
GiaLai,2013/10/11,87875,72726,68733,51763,92706,62213,28280,26488,86155,95491,01652,43111,8252,3951,6151,0819,129,04
GiaLai,2013/10/04,47224,62135,10202,06275,74515,86879,16849,14377,64249,56997,28346,94281,9358,9614,9089,3720,047,86
GiaLai,2013/10/02,29485,68208,07668,48783,00305,80028,95999,59345,70018,00270,74477,91072,7918,6353,5906,3010,691,11
GiaLai,2013/10/01,29485,68208,07668,48783,00305,80028,95999,59345,70018,00270,74477,91072,7918,6353,5906,3010,691,11
GiaLai,2013/09/27,29485,68208,07668,48783,00305,80028,95999,59345,70018,00270,74477,91072,7918,6353,5906,3010,691,11
GiaLai,2013/09/20,03951,62396,40705,65640,90179,64194,00539,37472,63961,50468,71265,48961,8704,2845,9604,8126,948,20
GiaLai,2013/09/13,42450,02871,39754,06426,28222,15623,86712,05761,90481,33187,92045,15668,8391,8565,4386,7487,567,56
GiaLai,2013/09/06,72334,36335,78876,57195,02612,58383,54762,58111,69293,00206,10213,98174,9869,2703,7018,6155,679,51
GiaLai,2013/08/30,83401,06620,23422,82723,47992,43516,55748,75578,07030,19174,56564,17505,3887,6898,1024,8688,936,33
GiaLai,2013/08/23,46345,78348,05857,07461,39612,49001,83806,53030,09490,10942,70221,60511,0181,2421,6728,5155,113,91
GiaLai,2013/08/16,00088,22823,33468,09423,28928,44879,92273,57582,76166,05595,17280,66231,9830,3570,2891,5374,144,98
GiaLai,2013/08/09,04614,11441,79090,05174,67186,27692,09222,46966,60621,47137,16272,52617,9464,4261,7173,6310,111,45
GiaLai,2013/08/02,56960,49004,11474,76835,24034,42435,26188,52425,54131,48166,20617,48966,3822,5554,2862,5180,874,95
GiaLai,2013/07/26,12155,17484,50157,22797,10298,24745,40226,52769,21992,99359,59743,49713,6395,6953,6394,1109,825,58
GiaLai,2013/07/19,83922,26411,85227,42705,70415,05090,98973,09343,20067,63087,74454,03974,4086,7449,8619,4705,130,54
GiaLai,2013/07/12,06122,27773,46391,86534,63259,32731,33460,42153,67607,83771,85284,70938,4722,9534,9536,6551,920,41
GiaLai,2013/07/05,48474,83939,37085,67690,96313,22308,21382,06351,37093,65630,70610,56830,0425,2571,0998,9260,282,74
GiaLai,2013/06/28,13800,91283,53549,53414,86536,14483,39015,67824,91811,96651,46405,23921,8029,1705,9390,4904,398,87
GiaLai,2013/06/21,78659,68277,63563,90397,20692,30065,96548,75089,41540,76717,60320,69240,2269,7167,4855,0567,244,92
GiaLai,2013/06/14,58306,92939,64508,93854,83419,58935,07613,91811,56830,47318,69949,88760,9882,2684,4319,1474,209,39
GiaLai,2013/06/07,17741,87170,41329,56217,37700,99015,25747,04899,30042,74008,84489,60551,9238,0465,1724,7254,073,96
GiaLai,2013/05/31,29053,17280,12017,50501,81549,91219,51898,76584,41269,59635,19509,38435,3755,0327,2677,4332,654,75
GiaLai,2013/05/24,03386,95556,57609,56464,45977,40598,70683,58801,49882,66096,68174,61244,8225,2125,8943,6238,378,73
GiaLai,2013/05/17,32900,03555,26849,85767,08696,17088,84144,62110,79165,91076,86108,31396,8968,0176,3117,8116,795,00
GiaLai,2013/05/10,40694,40293,64462,29768,33953,02051,37094,60073,23014,36288,53306,61231,5426,4785,4385,6325,253,72
GiaLai,2013/05/03,00768,07949,72102,55481,51602,75269,32781,17647,79143,96430,60770,57067,9796,0830,5331,8739,849,70
GiaLai,2013/04/26,33245,82554,13514,77369,65544,83088,68111,76158,05137,92692,82812,58991,8436,9944,1923,0858,140,28
GiaLai,2013/04/19,90448,35127,02388,14566,56290,63312,62872,97431,86292,99914,42064,76552,5006,3955,9503,2721,166,67
GiaLai,2013/04/12,93897,72308,75857,90931,95408,73770,02029,71290,32435,97518,18435,21128,8729,1468,6932,5452,028,28
GiaLai,2013/04/05,91324,28987,21325,36722,88156,34826,12612,22860,58904,72831,94402,90233,3312,2741,7857,5519,988,46
GiaLai,2013/03/29,27865,97283,35443,48769,44659,34516,79990,77885,10671,90600,43600,71868,2424,4404,0392,8600,665,28
GiaLai,2013/03/22,07840,15867,30147,26474,18999,44491,57550,29781,93505,09619,49676,76165,6679,0247,8435,3308,105,37
GiaLai,2013/03/15,64171,02091,12511,54075,80449,47442,60592,73202,58316,81671,37091,09454,1680,6191,4757,1887,325,20
GiaLai,2013/03/08,49710,80655,95968,43471,39491,60413,79086,53897,96192,91093,78225,01335,4339,4852,6377,3204,895,90
GiaLai,2013/03/01,42867,09848,34671,97608,03254,70748,67729,04883,85372,58423,41328,53086,2090,8920,6890,5522,808,41
GiaLai,2013/02/22,04998,55517,73934,46349,83534,52301,36598,46386,32292,32115,06881,31797,5048,3285,6923,8763,072,60
GiaLai,2013/02/15,33041,95033,42721,66763,72252,49890,87575,52307,50938,20186,95486,96691,7157,2204,3276,4977,196,48
GiaLai,2013/02/08,08989,73734,14785,49984,62048,13827,60132,88168,70340,83667,25473,16950,5814,2364,2886,3070,159,08
GiaLai,2013/02/01,80096,00908,59884,61257,58857,83562,95424,41383,14613,72933,88845,19380,1440,4172,0707,8912,916,57
GiaLai,2013/01/25,15414,76441,30527,07378,26087,66228,05542,23409,72242,22900,55551,30822,3030,8944,1743,2102,663,02
GiaLai,2013/01/18,58504,28875,01713,18960,54973,00387,41847,84902,84041,88410,07863,30560,1424,2127,2140,4680,695,19
GiaLai,2013/01/11,90082,40888,63760,33224,98963,82951,73822,47225,44396,49006,16053,71524,6892,5342,2333,8058,284,70
GiaLai,2013/01/04,14919,02571,56978,54278,68494,59126,37901,25986,58879,37759,13276,29262,1267,6779,9015,7322,083,25
GiaLai,2012/12/28,13642,33804,85039,79403,50408,36579,23815,10056,61256,62892,54671,69726,5557,8075,8854,8986,386,33
GiaLai,2012/12/21,93111,47481,38451,38629,67886,42690,40050,75204,27971,26139,92638,96048,2756,4132,7704,8711,471,55
GiaLai,2012/12/14,90481,01833,99950,50972,06204,70236,86023,63859,22635,62353,77482,58834,6788,0767,9121,2763,115,18
GiaLai,2012/12/07,00982,02228,56033,79853,66758,99253,24560,95939,24597,18113,80838,09376,7565,8228,6733,6231,555,77
GiaLai,2012/11/30,10284,94597,70083,11946,77061,57876,90802,91837,77493,42518,91305,72288,8836,2134,6859,9602,155,96
GiaLai,2012/11/23,29522,90057,14866,57589,52945,78529,51590,87325,21663,30730,41432,46135,8753,1580,0123,2622,930,39
GiaLai,2012/11/16,13138,43953,11792,23523,81606,07282,52323,31120,47542,75107,45285,61793,2713,8094,8375,1261,058,43
GiaLai,2012/11/09,03341,52931,77930,93414,08875,62036,18300,65395,15051,97035,91094,43602,2741,7273,4840,4094,541,97
GiaLai,2012/11/02,74257,51907,04376,45550,64089,44308,33015,25105,55362,37966,17160,72817,2936,9704,8820,4096,159,92
GiaLai,2012/10/26,56910,04486,45295,18162,63076,14180,05353,88993,74715,78653,86290,35097,3674,3747,8818,2892,261,69
GiaLai,2012/10/19,84937,25372,21322,31475,38107,53817,07177,64977,13309,96003,31606,74651,0877,5250,1930,5603,009,88
GiaLai,2012/10/12,00168,35817,65497,01406,67224,32933,53922,22465,58642,34325,95141,91649,5731,6809,6305,4793,760,21
GiaLai,2012/10/05,63870,44530,97781,44360,66294,52429,28490,40880,28778,89284,09487,10493,8115,6645,3920,5577,089,44
GiaLai,2012/09/28,06857,53777,93974,83241,26999,57657,68140,56226,68874,40446,68920,78113,3638,0532,4905,9956,080,36
GiaLai,2012/09/21,32629,80977,59801,59585,93791,83127,41242,72953,62440,44828,47720,80885,1821,7034,9044,1177,728,62
GiaLai,2012/09/14,12934,26440,99957,92862,70930,16152,73613,95600,34216,71602,55154,95638,0094,6116,9009,4561,561,63
GiaLai,2012/09/07,57421,66750,37422,64594,80766,26211,33537,28083,59875,99445,49043,49004,9391,0151,7729,6576,072,66
GiaLai,2012/08/31,53770,39474,08730,94190,80773,34536,02477,38635,45791,60619,23507,01021,2751,3995,6919,5382,819,05
GiaLai,2012/08/24,21671,91671,69768,79930,69475,94457,36655,68339,31870,53091,60065,91562,0638,9261,6032,0563,064,23
GiaLai,2012/08/17,11352,12194,29821,14567,31006,17317,95272,22462,23941,08040,40844,65405,8518,1078,0446,6545,565,63
GiaLai,2012/08/10,72964,82282,62210,18898,56512,36630,69395,52908,78213,89756,61015,66579,4556,1326,0065,2397,824,77
GiaLai,2012/08/03,34216,79458,45916,51721,64469,57784,65402,56529,57411,65671,14253,47401,0081,2311,5718,3875,201,28
GiaLai,2012/07/27,18804,50726,51197,95148,78790,92779,08198,72783,94222,76924,11836,65884,1291,0067,7422,9593,219,71
GiaLai,2012/07/20,65345,28640,89145,20264,02503,25805,33365,46014,26475,65216,32838,76018,9415,2045,1307,6265,778,26
GiaLai,2012/07/13,83189,05713,30880,01367,12235,18590,39408,47312,75393,49211,69948,42534,3653,1157,5291,3926,449,34
GiaLai,2012/07/06,24149,56561,03834,33678,28103,34105,35609,23864,45671,76903,43958,04723,2370,1174,4936,4764,228,95
GiaLai,2012/06/29,25838,45498,16909,79688,05881,09094,68777,46230,46604,84679,18153,85356,0120,8526,5267,8789,190,68
GiaLai,2012/06/22,75497,63740,72872,45782,85795,53134,66474,86869,69474,56382,47733,54401,4523,3802,5408,5450,737,66
GiaLai,2012/06/15,78410,56232,08574,81755,90383,99938,99975,59526,59825,33347,65371,02817,6661,8542,8546,3633,454,26
GiaLai,2012/06/08,59204,63252,96202,93938,81678,26497,10105,76886,54694,37516,20951,28243,8259,4690,4957,8361,968,31
GiaLai,2012/06/02,86343,37596,16493,83952,14966,32883,17878,59811,04661,60218,81034,87411,8986,5515,9366,2086,995,76
GiaLai,2012/06/01,86343,37596,16493,83952,14966,32883,17878,59811,04661,60218,81034,87411,8986,5515,9366,2086,995,76
GiaLai,2012/05/25,17071,39070,37630,97087,64940,38750,55892,07028,01640,62174,82030,81748,7994,5867,8642,2715,853,23
GiaLai,2012/05/18,83233,20848,70883,27378,25245,28359,96848,06076,99994,16981,84941,01241,3821,3921,9186,2797,248,30
GiaLai,2012/05/11,28997,42901,28486,86429,72277,04644,15050,27929,79516,50021,48915,89351,7136,0392,9842,4928,581,56
GiaLai,2012/05/04,01076,15583,59792,79599,90402,02073,29770,64222,28305,63313,78092,94540,2644,4575,5894,2077,316,40
GiaLai,2012/04/27,03885,50315,39830,11648,68445,57985,41938,43226,63116,92865,40844,10011,2209,6305,8048,0821,286,04
GiaLai,2012/04/20,00267,11633,79852,29139,99801,18036,63605,45905,70732,36962,44123,97649,0255,8621,7848,8070,928,46
GiaLai,2012/04/13,34974,40614,13251,36211,54492,24967,91420,55625,38655,67665,54877,75097,2651,6118,5703,2804,653,48
GiaLai,2012/04/06,03624,73908,39462,94243,20921,02109,77526,71389,57047,87342,18381,47101,9887,1055,8501,2052,864,03
GiaLai,2012/03/30,82763,08095,97787,38074,89858,33926,98998,49771,96768,62448,51619,90231,3061,6371,7497,5751,429,55
GiaLai,2012/03/23,65273,10104,59024,59082,16251,23587,67550,93240,99807,65983,56718,46323,3625,2494,5172,8448,397,63
GiaLai,2012/03/16,10673,98381,59031,37221,38940,18332,77724,59342,81038,53662,09477,11492,5364,7017,8144,8231,769,36
GiaLai,2012/03/09,85632,66778,09359,95985,70939,20054,15005,86120,40569,12572,43316,12629,3883,4372,0614,2561,150,58
GiaLai,2012/03/02,44945,46577,36483,49437,81254,89648,48152,23234,27542,13826,81508,28017,0460,3687,6516,6663,846,39
GiaLai,2012/02/24,13066,73572,87349,21795,25016,24536,20523,46857,78298,64666,80269,25315,0047,7221,8854,0076,619,69
GiaLai,2012/02/21,07458,98322,89088,77943,27659,60145,06395,29452,12395,54417,35683,47216,1324,4130,6125,8258,245,68
GiaLai,2012/02/17,07458,98322,89088,77943,27659,60145,06395,29452,12395,54417,35683,47216,1324,4130,6125,8258,245,68
GiaLai,2012/02/10,48591,83077,64469,05570,17033,59207,06463,72246,09808,42455,72656,42557,1680,9163,1178,5831,314,70
GiaLai,2012/02/03,99273,91487,90627,91312,34670,02659,56968,79111,30773,69556,23675,47501,9206,1009,1886,4056,913,29
GiaLai,2012/01/27,46627,17427,09137,70818,44962,24384,21298,91302,38267,18867,24110,36880,1512,6490,1193,1475,562,41
GiaLai,2012/01/20,70038,03367,93742,41867,66755,57327,72947,75687,29247,57627,71301,73801,2574,4601,1595,7376,775,43
GiaLai,2012/01/13,96605,33853,61066,02472,29188,11489,14692,67300,85108,42019,22908,65234,4070,8289,2218,3849,113,69
GiaLai,2012/01/06,71739,27991,02303,12721,01846,63665,43068,02398,18657,07168,92679,56959,4710,5761,0263,4511,304,10
GiaLai,2011/12/30,12234,37665,39941,32230,01705,53459,55598,96710,76540,45890,78605,78390,7815,7905,9650,4401,980,43
GiaLai,2011/12/23,57292,66792,66904,75112,50142,37972,69080,63176,25052,91103,06378,48170,8460,2155,9976,4279,243,53
GiaLai,2011/12/16,70420,81707,64889,17020,26909,13370,21340,94327,35611,38550,42359,65748,2824,5684,8333,9736,703,71
GiaLai,2011/12/09,29842,76053,29665,28617,55815,65864,94742,26646,35370,09760,05288,99001,1530,2064,6864,7264,904,72
GiaLai,2011/12/02,54744,90683,53812,96802,97400,64504,52074,05765,37505,42718,90324,03663,2915,0806,5431,8608,848,45
GiaLai,2011/11/25,98854,48835,46031,56816,63336,02341,73243,40007,20837,68090,28964,40968,5860,5235,2891,4777,595,35
GiaLai,2011/11/18,58152,37089,30984,90445,74722,58146,24199,60806,31285,86993,12939,47325,1191,8593,1278,5706,833,61
GiaLai,2011/11/11,04370,17088,32459,70746,32045,77761,11145,69858,39708,78556,26690,42886,6998,0185,9105,8265,231,94
GiaLai,2011/11/04,21315,80770,92177,69235,36028,37753,65734,92489,68667,45923,67449,54178,1173,1770,4422,8762,032,08
GiaLai,2011/10/28,80134,56733,08691,77931,61487,58236,04270,07270,38643,97464,02778,50955,7176,5289,7180,5575,283,19
GiaLai,2011/10/21,74166,70133,19140,05452,86713,89137,55575,83181,90191,16917,72299,33972,7170,8886,2659,5977,321,88
GiaLai,2011/10/15,56553,49146,19630,49142,87957,37673,38220,10499,57607,32283,34556,75104,0033,1371,6632,6960,595,38
GiaLai,2011/10/14,56553,49146,19630,49142,87957,37673,38220,10499,57607,32283,34556,75104,0033,1371,6632,6960,595,38
GiaLai,2011/10/07,32930,14567,87216,85376,93490,23603,61606,97047,08367,03823,29855,21046,2749,5297,9212,4848,203,44
GiaLai,2011/09/30,59600,52210,03093,75077,75392,97782,79753,55873,66627,28098,73437,43591,6168,5286,0853,2826,984,44
GiaLai,2011/09/23,43561,58013,97672,02661,05986,77650,44279,55620,34287,00151,83925,53540,9058,2050,9651,8148,471,81
GiaLai,2011/09/16,40280,15819,89639,48409,80220,71048,46468,20853,86207,60015,01867,92707,8875,0316,3744,3665,193,32
GiaLai,2011/09/09,44946,44461,22037,73909,86912,36060,01533,62691,87066,97340,08721,56712,1505,6846,7953,8917,997,83
GiaLai,2011/09/02,50331,71715,35329,40391,83139,52917,13389,17254,85282,54253,55510,13900,6226,2935,9732,2584,937,95
GiaLai,2011/08/26,64534,87674,38294,76761,06590,05265,60375,86106,83677,03240,02999,82632,0181,0641,5124,6106,763,28
GiaLai,2011/08/19,46423,14600,97642,66164,93959,38395,72267,10498,64239,05503,98754,65005,4172,9742,4144,4809,280,57
GiaLai,2011/08/12,97193,64984,97821,26262,71717,68932,31264,80187,48614,71467,47828,91734,5436,6575,0959,6919,871,03
GiaLai,2011/08/05,20005,04988,57433,92216,59991,72357,66489,34915,63574,80264,06744,71719,5403,9490,9958,8921,646,72
GiaLai,2011/07/29,09512,95720,14780,82529,49986,60335,68104,11878,47486,65287,87558,09010,5439,0849,0326,3633,472,49
GiaLai,2011/07/22,53182,11335,84328,89413,95672,15700,67041,78566,89497,11008,79884,71780,1206,8626,1301,9106,050,09
GiaLai,2011/07/15,56045,06184,11120,99504,07385,77424,04130,04455,87179,10990,99477,38621,0233,1790,8450,4128,748,12
GiaLai,2011/07/08,81595,57480,71983,01435,53160,07245,35128,73634,03396,85934,54150,60889,9057,3848,3340,9079,423,93
GiaLai,2011/07/01,00422,80631,76643,21539,40597,22832,27511,83633,75121,79154,01299,20272,4256,5678,6198,1430,162,16
GiaLai,2011/06/24,20399,03824,33253,22970,19226,62313,99692,93388,54785,70664,50751,71476,8827,1263,8810,8069,214,59
GiaLai,2011/06/17,60890,84130,99298,60091,76809,76921,79676,38804,37565,95539,71269,87163,8813,4656,2207,0960,719,78
GiaLai,2011/06/10,68141,56232,77696,32310,55823,47029,28429,68912,77237,16729,62731,20273,4403,4267,1833,4778,497,75
GiaLai,2011/06/03,14743,45453,13605,21844,59802,55945,06023,82223,65297,01086,95017,79178,4075,3854,0251,0978,235,85
GiaLai,2011/05/27,55849,25991,93623,07389,02701,01567,14455,57888,89791,33015,76028,23664,1712,2492,6775,9779,425,97
GiaLai,2011/05/20,78013,01822,97487,74311,95620,82100,45397,67384,52911,41313,03450,01788,8774,0336,1017,8353,282,61
GiaLai,2011/05/13,47072,01697,76553,60968,58856,52833,12595,08551,27976,85380,97311,09048,4858,7682,1040,7247,963,29
GiaLai,2011/05/06,83513,26524,84612,04769,32420,15228,64652,05369,20059,22689,57890,90073,6854,5752,8109,8366,081,51
GiaLai,2011/04/29,71613,27147,04018,81700,97918,08829,96892,54911,97853,68287,89755,45991,9384,5651,7958,0996,612,32
GiaLai,2011/04/22,49162,79206,97357,19999,29382,57554,79567,11603,56137,79124,31983,64935,2921,7881,9845,7179,813,61
GiaLai,2011/04/15,55719,56087,63567,00932,32931,91816,17625,25169,88439,26731,07052,00918,2460,5120,7872,2710,125,12
GiaLai,2011/04/08,57963,42392,86884,19139,25071,08929,87205,98171,68473,93407,13288,44786,7444,7300,9530,1236,198,64
GiaLai,2011/04/01,21167,15630,05026,83488,71899,25155,13304,13788,48134,16892,68078,79156,0886,3451,8836,4510,194,13
GiaLai,2011/03/25,39983,14605,38129,30778,92640,19513,27681,79941,50387,09752,55970,65504,8967,7750,7397,5569,446,89
GiaLai,2011/03/18,19701,59247,90952,89714,27036,50873,26129,87441,09280,25836,78637,60859,7329,6602,0334,2744,126,06
GiaLai,2011/03/11,19312,48793,17478,57718,26035,14542,63192,47317,24534,90215,29424,64132,7967,5812,6030,9762,771,47
GiaLai,2011/03/04,71291,53710,81517,32733,48631,96842,19161,95080,93704,56403,65742,01764,0052,4303,8020,9130,348,50
GiaLai,2011/02/25,55805,35182,74288,69022,57438,93023,23001,30258,85992,05308,46222,43432,4120,3475,0663,6623,164,95
GiaLai,2011/02/18,94321,81035,55103,49049,53991,34302,11670,63479,16802,61509,86323,45437,6117,7444,6962,0983,093,35
GiaLai,2011/02/11,04388,29317,51047,67395,96704,43546,97965,44235,97568,51876,80815,18663,0038,7564,2258,8954,508,12
GiaLai,2011/02/04,33864,70025,03585,13083,99568,39392,64365,84754,75472,72654,83437,98411,4719,1410,6505,4245,675,36
GiaLai,2011/01/28,39134,18376,78326,20505,24716,36110,40588,95111,83303,37487,12893,63296,3868,7555,0519,1188,506,49
GiaLai,2011/01/21,74130,73386,07832,73599,80956,08387,74935,84342,14858,57752,39487,79013,2783,0028,3806,9572,412,27
GiaLai,2011/01/14,14789,28743,37332,65473,90992,66259,53666,80087,01220,57096,84362,13006,5362,2550,6011,2559,268,82
GiaLai,2011/01/07,55862,69339,88795,94256,06533,02817,38181,81956,78868,62982,68791,97555,2810,0903,0552,7361,872,16
GiaLai,2010/12/31,46325,60792,13083,63330,31922,82819,95967,66332,43133,50644,48836,53826,4434,0648,7427,5237,272,56
GiaLai,2010/12/24,15490,49036,77067,46781,33087,04948,33078,98035,99535,48398,13112,79939,0782,9404,3217,8240,902,13
GiaLai,2010/12/17,42070,21942,39105,45073,49926,19363,13355,67934,14449,01532,72465,88297,2789,4013,2762,5739,090,62
GiaLai,2010/12/10,21052,49509,32965,54193,79741,33404,29402,73221,95080,43883,61325,57440,3068,5399,4428,7274,648,60
GiaLai,2010/12/03,32300,36985,63371,10782,78382,98026,44794,87626,29987,11233,89020,79528,6281,5782,7310,5670,257,00
GiaLai,2010/11/26,05371,01222,70084,03337,87126,04670,53583,02927,83253,08931,44997,88535,1421,0096,4392,1429,618,31
GiaLai,2010/11/19,89642,85062,29391,99931,49777,07336,59732,55712,90531,10795,34866,38894,9143,7295,4328,9491,856,54
GiaLai,2010/11/12,00960,83502,87490,61324,38903,39580,82296,33905,85656,46262,05795,69319,4156,2835,2490,2751,451,68
GiaLai,2010/11/05,90400,24527,06450,93836,05467,95564,15550,55464,18456,95590,79507,73349,4876,7337,9807,0813,787,87
GiaLai,2010/10/29,02609,65324,90295,19596,26394,46310,34104,88730,69640,57880,50022,33821,1054,6185,2707,9927,558,81
GiaLai,2010/10/22,18715,28251,81681,54824,91026,84353,30940,48568,14698,85297,59950,27294,5914,4985,0181,8620,168,62
GiaLai,2010/10/15,76506,69734,47263,37936,32912,15065,90546,64437,18225,77727,43602,92874,7826,9485,0577,5706,277,36
GiaLai,2010/10/08,65529,92914,19849,33850,11412,76321,46869,86627,03142,43807,06961,84828,8609,8799,6191,1764,778,09
GiaLai,2010/10/01,46213,75561,68331,04631,89930,00114,24989,63466,73136,17393,79106,68608,9467,4581,9790,0051,987,39
GiaLai,2010/09/24,74245,38253,89639,89714,87361,93678,36653,73765,56511,48115,90471,50065,0743,6239,7254,0703,077,98
GiaLai,2010/09/17,45100,93115,85833,59332,75869,71546,93401,77974,48881,41189,92444,46906,2203,0603,7130,8637,399,64
GiaLai,2010/09/10,54021,76274,95330,60362,49058,07834,36173,09876,50160,88421,58493,44874,2883,7353,5357,2117,864,22
GiaLai,2010/09/03,47982,00732,21669,34503,94395,74026,16435,75971,58769,07693,94012,06205,7651,7424,1172,4450,181,36
GiaLai,2010/08/27,48667,93666,76183,18862,49181,90247,96850,49234,38125,88323,68266,09403,3164,7825,4643,4823,065,99
GiaLai,2010/08/20,38100,13893,39064,84536,70328,40267,27687,27148,07935,28972,96610,79564,2317,9177,6919,1776,807,72
GiaLai,2010/08/13,34543,09872,40406,79426,73500,46675,05972,21377,94864,22169,55286,20671,0834,9800,3055,2904,508,46
GiaLai,2010/08/06,73683,89425,82936,13411,90524,09375,16186,39231,94940,36656,14133,32804,1009,9527,1527,1317,697,94
GiaLai,2010/07/30,41529,28845,67141,34859,86605,19689,02153,64351,49380,93878,16897,55449,8890,9350,0242,7568,177,09
GiaLai,2010/07/23,46606,32706,53172,29849,08488,18238,16343,83200,77850,28714,67264,29062,1254,9164,1764,0440,226,52
GiaLai,2010/07/16,37484,37766,34014,26852,83947,17335,45215,63905,44280,63582,62991,40149,3107,0938,4004,6750,183,05
GiaLai,2010/07/09,83089,68362,81013,26281,52368,15763,65076,93244,13765,53010,56789,78238,3515,0281,0835,2672,357,61
GiaLai,2010/07/02,40866,54188,57053,18412,27580,26043,71009,99445,62538,94022,95718,02073,2064,8777,0441,0754,253,89
GiaLai,2010/06/25,09473,57621,18605,91343,12667,23993,99729,47149,37329,77742,50126,58415,7577,1727,0222,0137,453,08
GiaLai,2010/06/18,41437,92437,92434,52634,20103,81346,24285,28023,74420,84171,27662,04284,9108,6154,6117,0801,030,81
GiaLai,2010/06/11,06277,56490,84209,91554,84777,54815,71940,85672,02252,61376,70632,39852,6993,2360,1804,7813,718,69
GiaLai,2010/06/04,88885,85625,97405,12228,77145,12055,89454,57880,33158,00855,79096,64703,6799,8549,8562,5245,028,13
GiaLai,2010/05/28,92861,80679,55257,29475,86992,70897,01642,98706,93194,17708,87020,83783,6410,4109,1403,3613,490,17
GiaLai,2010/05/21,30537,95653,99283,14546,28687,40589,70464,72871,35381,91600,33152,35801,5441,1970,7208,0446,024,48
GiaLai,2010/05/14,40373,08375,35164,69760,19917,30576,45708,73947,19107,51768,90409,21384,3847,3629,2208,1904,044,66
GiaLai,2010/05/07,72007,93908,77770,17338,11200,43932,51186,22963,32614,43218,78352,18049,6695,0724,1437,5363,707,50
GiaLai,2010/04/30,59163,95679,53772,65448,32672,57267,72477,40850,60819,46051,18544,29565,6637,4324,0841,8054,570,79
GiaLai,2010/04/23,07409,48783,16906,19173,71442,47946,98030,50560,21678,95994,65018,49840,7355,4538,0479,3709,932,76
GiaLai,2010/04/16,98428,57436,68838,54272,26753,44529,49884,68212,71537,05192,12520,27410,1451,1432,4109,0276,654,66
GiaLai,2010/04/09,54608,91819,38063,45362,72548,84888,94119,62540,23357,23627,33594,98001,9458,8439,3110,6525,396,05
GiaLai,2010/04/02,04050,69955,42677,61117,14956,45870,06592,36242,31344,55692,27980,22411,4239,8784,8449,6723,851,75
GiaLai,2010/03/26,78749,13309,03354,67696,00888,72371,52294,08279,82294,24295,92170,36510,3366,5934,3833,8055,362,79
GiaLai,2010/03/19,62203,92690,59886,71412,83540,95414,18106,85063,58587,67299,85873,49987,6482,6280,5937,3414,786,47
GiaLai,2010/03/12,13049,06479,19956,60968,90841,01907,00068,34681,80241,19582,61949,00257,3953,0709,6384,8938,190,76
GiaLai,2010/03/05,00800,45588,58102,48673,83714,54656,15168,17245,31743,74186,20285,98010,2521,9596,8802,7526,080,98
GiaLai,2010/02/26,56591,77554,23238,29008,11447,14193,14286,21609,40132,47807,21729,99809,9273,2394,4473,9448,546,83
GiaLai,2010/02/19,72794,65423,37490,97614,16789,22014,27531,75706,39688,62591,23985,77087,4305,0641,0087,9815,818,74
GiaLai,2010/02/12,33744,60087,31882,28115,56439,65102,68495,38793,45566,01994,19732,10340,7794,2519,9030,8267,255,22
GiaLai,2010/02/05,27039,98423,09015,03901,09596,80286,20707,76634,89496,20982,29324,65692,7531,5127,5118,8354,442,63
GiaLai,2010/01/29,25977,96225,99086,47518,86320,09377,11537,49988,09739,63878,43460,60828,8832,0452,1678,7781,033,22
GiaLai,2010/01/22,63460,76397,03083,97946,00401,99834,72367,67242,72244,52723,01568,31007,3528,1102,1420,2188,197,39
GiaLai,2010/01/15,87669,24772,11790,28360,92793,07855,88280,98518,59272,20518,69314,69948,5037,8834,4981,6028,812,42
GiaLai,2010/01/08,19566,81667,70085,77975,44472,61441,09003,49282,87278,99853,72861,25015,5440,7370,7691,5008,267,00
GiaLai,2010/01/01,78751,25531,61761,30907,70681,26293,93759,52710,70966,85256,60581,46146,4600,3444,6347,0976,297,96
GiaLai,2009/12/25,83558,85697,02325,73703,24809,38965,81988,88611,20862,21379,11395,10840,5593,6952,8939,5678,622,49
GiaLai,2009/12/18,98941,25378,31924,03731,17414,21637,63973,95070,80645,78416,92247,40803,6241,1054,9135,8936,578,06
GiaLai,2009/12/11,89881,32534,32069,19516,13792,40244,69727,14907,38020,34549,90603,50147,1298,1429,8937,3309,946,48
GiaLai,2009/12/04,03131,27506,62003,15635,25884,37097,14980,25027,27312,34993,72962,86512,4543,7862,2898,3202,007,22
GiaLai,2009/11/27,87692,66811,85689,32764,79899,70861,22025,16849,14929,62393,17569,92483,2664,4940,6900,8617,568,94
GiaLai,2009/11/20,91308,83681,04953,91172,01855,13809,28696,99643,39051,72706,20115,11554,5605,9313,7407,4854,870,15
GiaLai,2009/11/13,70887,37851,39017,24093,32871,83929,43999,75653,71118,62726,95934,38560,4379,6359,1594,8659,489,11
GiaLai,2009/11/06,91802,42721,26994,41996,85317,81927,40482,60307,37172,81284,50248,54420,8539,8606,4465,4043,799,44
GiaLai,2009/10/30,97752,24810,22514,33099,88339,69908,51030,40690,20558,25185,95924,09209,1426,3747,9704,8772,030,68
GiaLai,2009/10/23,88734,53324,10499,11850,07258,25649,20778,12894,83455,26268,11246,82543,5085,6089,2504,3408,564,25
GiaLai,2009/10/16,19683,48905,38269,29269,78468,27658,13138,15795,77323,90113,46236,02533,7820,6020,3255,6951,606,97
GiaLai,2009/10/09,56359,17540,06885,24457,11674,11921,30929,08454,00009,00193,80025,90252,2954,4384,3504,3453,430,62
GiaLai,2009/10/02,31697,20232,11729,37171,04826,21410,36947,41336,14511,14413,76711,40188,3547,8690,1159,5020,034,51
GiaLai,2009/09/25,72891,40540,02786,63637,34921,29329,20077,14382,92177,76632,71834,00506,4431,5641,2294,5977,187,81
GiaLai,2009/09/18,95005,48566,58770,05173,18836,65424,58753,81459,77157,63660,80980,89706,4085,2391,0314,4555,134,64
GiaLai,2009/09/11,67949,20796,52684,60851,01271,71475,89691,25383,12630,90465,71086,37684,8458,5793,5781,2726,948,08
GiaLai,2009/09/04,48004,91352,99024,61327,36664,37588,61410,97202,28367,97192,11677,23269,6425,1460,2235,8292,430,99
GiaLai,2009/08/28,09181,08411,21035,29108,46806,34123,40844,41562,62649,10560,50658,14807,2570,3101,9786,0648,010,86
GiaLai,2009/08/21,59625,67672,32722,00376,72316,33577,02898,71938,57791,78354,79203,95421,6172,3600,0608,4742,622,10
GiaLai,2009/08/14,61885,19776,09381,23011,94513,24889,28112,94827,33801,33839,92326,38316,1463,8671,1620,7684,072,91
GiaLai,2009/08/07,49654,77996,61299,39761,76696,10633,69130,92791,31895,18282,02962,72409,4905,4630,9650,4074,179,91
GiaLai,2009/07/31,37983,60013,40879,15038,14226,16775,58048,27350,21627,35776,05653,16663,3027,0208,1385,9344,514,31
GiaLai,2009/07/24,55191,21461,60609,49478,78070,56639,15995,69187,39078,27085,08674,59582,5827,2139,5500,6727,195,96
GiaLai,2009/07/17,50907,96755,89176,18144,49743,40174,62447,83665,87746,23211,85287,10809,4827,7008,0953,3271,940,58
GiaLai,2009/07/10,35633,86986,73407,10579,91890,50844,24171,07470,78813,63756,64273,63006,9280,7031,2133,8991,049,06
GiaLai,2009/07/03,92485,81477,97999,67280,25142,45376,40792,52690,21732,37113,37727,00127,8684,9462,3541,4688,048,76
GiaLai,2009/06/26,44465,48365,47601,97566,41216,70745,73003,67369,46086,13852,22406,43861,2883,3818,2042,2618,509,24
GiaLai,2009/06/19,85803,57382,44647,67066,23249,58613,36157,47461,11024,18985,78248,89481,3358,0191,5578,8813,114,74
GiaLai,2009/06/12,83477,97533,84077,53338,36339,44480,26864,78373,66272,54757,38283,06032,1576,7634,9230,6111,578,72
GiaLai,2009/06/05,78601,20811,97455,42262,66173,72593,16805,70542,98357,60191,77174,38546,0582,0303,0361,0222,465,47
GiaLai,2009/05/29,10406,46686,79765,74490,39519,29144,28586,84446,53493,58074,36088,58552,6608,0588,0852,6143,952,05
GiaLai,2009/05/22,33971,42661,12175,39693,86333,04736,66382,08996,53285,04021,69283,15910,2416,8644,9732,4993,294,06
GiaLai,2009/05/15,91940,59797,02595,21316,69674,90535,06290,97101,10978,36688,30285,85272,8377,8547,1750,1360,789,03
GiaLai,2009/05/08,89606,90754,81707,46538,42082,59968,19039,34417,01851,97834,79804,40440,3086,2120,0370,3413,109,93
GiaLai,2009/05/01,97458,66435,03046,71222,32473,74064,71015,54044,77441,07191,10482,25181,6453,0692,2449,4043,951,33
GiaLai,2009/04/24,80418,20735,15594,23835,07613,37158,84081,30654,91287,73280,67643,35602,1341,3229,2524,8869,910,25
GiaLai,2009/04/17,31262,28595,88068,64446,30278,34014,16979,81055,11383,50791,71730,09827,6095,0190,7016,5063,886,76
GiaLai,2009/04/10,41098,37319,32769,18220,07002,17463,47032,59509,17325,54703,34466,86402,0051,2805,0734,3440,232,21
GiaLai,2009/04/03,72170,11007,02458,91234,83335,23709,05369,82216,39441,32308,93796,26648,5901,6599,1411,5041,741,00
GiaLai,2009/03/27,80565,16597,86208,58351,26089,00894,91680,27569,96252,85633,66037,49285,9999,1057,5570,6857,770,29
GiaLai,2009/03/20,11240,08666,24209,15396,94629,66947,05996,25573,69762,36655,24095,29035,2791,3397,5640,2467,512,89
GiaLai,2009/03/13,14505,77090,98880,54711,74612,55277,76679,31533,35321,33283,54981,66401,5085,2076,4822,9618,808,43
GiaLai,2009/03/06,72483,56293,83656,02149,81363,81907,31859,76093,08931,17696,39821,57001,0391,9300,5627,7423,308,10
GiaLai,2009/02/27,06974,32125,85631,62880,55643,17355,74395,63905,63995,43880,45267,61861,2943,2339,4798,3322,276,42
GiaLai,2009/02/20,18638,05641,91994,65874,25556,73273,56064,06755,81309,54896,03892,97334,2042,6749,4328,9739,638,74
GiaLai,2009/02/13,23582,60492,97515,53311,44620,68062,09408,99150,95862,99199,92693,01622,6738,3472,1644,4636,204,52
GiaLai,2009/02/06,45187,39622,49253,28022,13078,50038,19497,98964,07625,94784,76645,34641,0732,6593,4123,0978,782,60
GiaLai,2009/01/30,81892,85281,24877,33365,04022,48445,88626,03351,99903,47870,73986,44469,2638,1333,6392,5148,543,32
GiaLai,2009/01/23,79748,12030,83785,77808,13599,56331,84415,19717,18811,44726,72082,65709,7584,5820,6587,5750,497,54
GiaLai,2009/01/16,78229,10435,70676,22823,31034,42539,16115,19407,82667,80039,72663,63524,4512,7039,6711,3987,483,11
GiaLai,2009/01/09,33117,37548,45124,82978,14749,47725,29477,87596,69033,31155,28608,42268,3727,3319,2609,7358,720,29
GiaLai,2009/01/02,89023,49259,22447,24818,55581,99600,93312,18427,13570,32198,44637,75365,5885,4987,3767,1674,731,79
GiaLai,2008/12/26,23924,80428,21651,09811,38649,17464,50409,21501,22728,18672,55980,36781,7963,3103,0955,1747,805,86
GiaLai,2008/12/19,80402,05075,74240,34756,80872,04705,18888,16606,90993,64944,79061,12548,7198,6212,2588,8232,718,71
GiaLai,2008/12/12,47925,16971,26931,31917,87214,16923,04339,19397,55295,01984,34535,54731,0574,4900,9747,4558,594,88
GiaLai,2008/12/05,27435,90922,85189,20033,24541,73366,56239,37339,84105,54227,32849,39390,8918,3994,2564,4110,535,05
GiaLai,2008/11/28,46394,80066,42390,78819,54219,50357,37403,18091,66727,24489,52970,29804,1547,0636,2154,8432,964,67
GiaLai,2008/11/21,47917,06849,04753,14414,95985,53092,06088,10532,20249,78368,36718,38605,0617,4909,2450,0450,183,55
GiaLai,2008/11/14,79881,94499,90874,36331,79237,33418,51046,54958,92069,76977,74670,90476,4562,3385,9653,7954,123,56
GiaLai,2008/11/07,38328,16886,42226,32520,97852,87602,23061,22760,45055,68000,67169,47720,4874,4329,5025,7389,430,18
GiaLai,2008/10/31,67412,03484,04181,04726,38524,67806,24981,14865,43812,62991,74112,78657,8450,8479,7526,5333,060,69
GiaLai,2008/10/24,36652,32941,61800,22227,48985,24474,94430,62522,09056,16759,58876,68631,6700,1336,4116,9145,717,56
GiaLai,2008/10/17,08281,98085,40512,40850,04714,37591,93494,22597,97187,56434,08157,83643,5317,1741,6180,7244,461,90
GiaLai,2008/10/10,33619,67862,06299,86431,83636,91198,96042,55489,61749,78903,82222,44416,1146,3332,8650,8909,079,92
GiaLai,2008/10/03,18727,83567,08440,77117,30220,01023,65368,79222,95430,40395,03600,51969,4640,6752,7328,0568,273,17
GiaLai,2008/09/19,29077,15222,21857,20130,58528,46021,44449,30560,31765,02860,12993,95413,8948,4018,2189,4320,168,90
GiaLai,2008/09/12,67874,49113,55620,50677,86468,72183,46722,89755,85198,90092,29663,47864,0930,1745,4307,4084,954,49
GiaLai,2008/09/05,49000,55043,28572,70852,06249,79679,57769,19614,56140,92508,99866,71904,8258,3739,9918,4768,915,78
GiaLai,2008/08/29,34017,98522,23844,38375,97670,80416,27701,85933,76558,34610,22763,37119,0424,0222,9051,0834,370,39
GiaLai,2008/08/22,68993,91423,72863,70082,39460,63740,80081,06130,69744,16799,01952,03797,2368,2474,5761,3466,356,26
GiaLai,2008/08/15,10920,56113,81367,35849,63588,64406,41235,17450,62175,82718,00069,32816,0289,2529,9392,6259,644,64
GiaLai,2008/08/08,58956,36588,09467,01331,23997,19968,93590,65473,34270,46512,89804,35639,6746,9798,0557,5419,504,98
GiaLai,2008/08/01,64359,85639,27859,50303,12790,70584,60576,41698,85821,74103,35092,56488,7708,3341,2456,2916,747,89
GiaLai,2008/07/25,17567,65606,73468,29631,54449,94517,23371,58729,94826,17945,73296,61951,1907,8931,8132,1867,856,15
GiaLai,2008/07/18,19019,69417,12628,61538,17522,91283,13357,71063,93894,37781,97177,51520,6341,6380,4320,7418,417,14
GiaLai,2008/07/11,84927,97906,34019,23123,58606,91276,52645,46504,16951,06455,93542,05716,1211,2720,0967,6260,176,43
GiaLai,2008/07/04,29883,59358,35903,43325,04588,04329,51990,15548,34350,58747,76654,58312,6981,2609,1190,2465,283,16
GiaLai,2008/06/20,96533,50237,25599,74767,00318,10375,02388,23529,40527,80469,64924,13796,7798,1350,4024,0962,151,38
GiaLai,2008/06/13,53188,72658,08913,10915,40743,03340,84488,05938,32403,25943,81973,91410,1137,2347,0851,2943,119,78
GiaLai,2008/06/06,36098,27915,33116,68958,08719,54509,86911,49180,76193,51406,96322,35507,3899,4527,7223,7031,545,81
GiaLai,2008/05/30,07023,08920,19538,32871,01447,87173,62636,11937,52248,37872,93056,80963,8243,4279,5124,1927,245,73
GiaLai,2008/05/23,08825,74696,29043,36403,57590,19428,13053,16129,21843,28891,62237,49910,1226,0144,3487,1907,039,87
GiaLai,2008/05/16,88309,81637,69429,29421,00296,93568,28137,78872,24999,76364,87279,08416,2141,8414,3518,9340,746,28
GiaLai,2008/05/09,88585,25189,37810,90582,98092,41142,85269,27117,13294,62296,75195,44057,6515,3174,6256,2352,855,16
GiaLai,2008/05/02,46973,42512,16051,53160,62269,37659,02107,57677,00961,61972,43137,55258,2814,1421,4750,8583,684,29
GiaLai,2008/04/25,20115,84069,10844,48159,38641,42667,33662,78140,79630,36292,38265,4880,1248,8030,5233,9667,113,98
GiaLai,2008/04/18,05302,92624,40747,24500,69758,70222,92623,62023,51100,26398,07304,3295,3754,1509,7750,4052,323,26
GiaLai,2008/04/11,84084,27241,94461,05305,73662,80110,39859,64311,75785,58018,91807,1451,5041,8996,8494,9042,207,33
GiaLai,2008/04/04,32031,98670,61637,80314,51300,75060,89937,10866,62770,47395,07239,5813,8333,7706,0943,8258,776,26
GiaLai,2008/03/28,15263,37045,33703,06109,75430,88788,09001,13801,79791,52974,01525,3658,1174,3630,1957,1693,554,25
GiaLai,2008/03/21,98550,74163,26562,58458,06911,87443,37976,70701,97994,77701,73400,5844,2874,9715,1258,5385,141,12
GiaLai,2008/03/14,67274,82790,65935,77763,93240,94135,11898,18641,92488,95546,56429,9703,7379,1802,1337,1457,319,78
GiaLai,2008/03/07,21809,02691,54163,45396,94292,09968,64086,34161,77346,07301,17063,5877,3652,6449,5284,9790,282,01
GiaLai,2008/02/29,39904,26547,48123,03616,44175,09435,02228,47648,60112,93335,94371,8604,7417,3879,6428,8812,042,43
GiaLai,2008/02/22,45784,78268,33161,61011,62900,77283,59159,00959,47421,22666,77906,1032,3874,3495,8945,7175,814,61
GiaLai,2008/02/15,79138,73476,81417,24535,84851,07721,82287,70228,23148,10384,06096,5672,5383,7801,7467,9990,113,29
GiaLai,2008/02/08,52324,97219,84074,92392,99203,55442,84924,08434,97845,89212,92777,8468,0712,2162,6806,4206,460,03
GiaLai,2008/02/01,64092,09707,41055,96297,26603,68627,25072,41702,19419,75004,62578,1415,2007,1012,5763,7425,731,56
GiaLai,2008/01/25,76057,28249,66457,86937,02725,98388,18048,35478,65962,03774,30424,2740,8322,0158,8629,0283,404,16
GiaLai,2008/01/18,87208,87820,26426,32545,46790,46463,85656,68370,66411,83904,58149,1039,7998,6159,1408,6428,826,41
GiaLai,2008/01/11,01135,77517,61513,59402,61970,33995,43842,02614,78897,85280,19208,6648,0900,2684,1696,2338,995,30
GiaLai,2008/01/04,44515,16296,98845,04126,33740,06234,26148,86529,57811,80927,14113,2633,3700,4281,3924,5050,611,87
GiaLai,2007/12/28,22018,97784,81070,81298,17210,86399,23322,63539,52896,94086,35282,05518,0989,6049,0564,0041,671,84
GiaLai,2007/12/21,78663,87507,13246,20106,74597,93669,32242,15353,51171,59108,17445,07242,4671,9819,7806,4923,540,74
GiaLai,2007/12/14,93468,96270,88644,04365,60270,28929,89673,94512,08437,53968,39198,47007,6924,7172,8080,0850,553,81
GiaLai,2007/12/07,54273,84795,06402,22943,96584,19178,76901,13618,28295,91330,83039,40782,1611,4339,0718,0895,768,51
GiaLai,2007/11/30,32584,30271,06552,84352,54445,94367,02559,99413,93532,16359,12548,12924,0359,8811,1784,9578,980,93
GiaLai,2007/11/23,70798,67567,46498,73026,58815,72203,84975,47658,03807,37916,22465,47376,3494,2235,2701,3557,869,91
GiaLai,2007/11/16,61223,76140,28615,91616,01302,64708,37593,80414,24769,43459,19350,67083,5246,0925,6547,4308,324,33
GiaLai,2007/11/09,48740,97902,85229,36487,34885,38767,65425,46550,37400,87644,85432,84526,0366,3665,3563,4261,540,21
GiaLai,2007/10/26,98017,35172,37228,66876,65265,53039,13771,28144,38149,36177,27801,18514,0010,1712,3747,4575,637,89
GiaLai,2007/10/19,54921,70187,69466,86660,58260,09768,84851,32886,59468,84536,24141,54231,1908,0002,1006,5037,078,31
GiaLai,2007/10/12,94767,67955,21550,59166,41633,49952,13131,29326,03744,50790,33150,28713,6079,5189,2945,5762,992,56
GiaLai,2007/10/05,39322,84676,07099,64335,50665,77655,87997,25284,73427,41958,39936,50396,8480,4982,6633,2448,021,53
GiaLai,2007/09/28,54612,01632,95322,76617,80217,64559,75690,74471,19962,79982,71825,95479,6029,8634,7730,2644,313,54
GiaLai,2007/09/21,99741,24763,59965,66008,99158,12571,44200,19127,13186,53078,40258,87050,2530,5705,2374,5493,216,70
GiaLai,2007/09/14,01282,67317,65579,42506,57955,21336,25759,45177,08592,88175,02665,46734,0753,6300,5521,4070,622,39
GiaLai,2007/09/07,65520,66972,81497,21737,89157,56134,36267,79706,67189,45579,39083,46430,2408,9794,9734,2724,065,66
GiaLai,2007/08/31,18915,65467,14391,51792,02302,94748,69448,05278,85991,31697,31835,99717,7150,1242,7223,9537,915,91
GiaLai,2007/08/24,06533,43861,07851,69929,79102,20496,02424,88937,90854,24800,35137,32107,6631,1589,7885,3345,982,33
GiaLai,2007/08/17,19636,39966,86277,54722,99416,83252,95214,49854,89344,02234,45163,48556,3278,5041,8569,1027,017,92
GiaLai,2007/08/10,64065,23799,03561,03741,11039,12629,12258,53665,68559,38543,59373,28798,2306,0665,5155,4446,401,69
GiaLai,2007/07/27,00724,82840,14015,93670,19552,18509,33581,53457,40850,36318,84942,41904,7080,0119,8089,0926,653,20
GiaLai,2007/07/20,04549,37158,96638,56488,51692,64388,81668,55879,91133,74824,46633,33236,6886,3988,4911,1154,466,76
GiaLai,2007/07/13,86970,58437,15897,63476,95609,89145,01099,74133,66930,11265,80989,82715,0654,6085,0112,7804,258,49
GiaLai,2007/07/06,40509,20369,92490,27125,35046,44053,84331,94450,02649,14216,18870,92536,0574,1712,0955,4697,110,28
GiaLai,2007/06/29,67067,41728,77962,23345,80905,47278,93154,03423,94096,68065,49356,50699,7788,1417,9103,5017,716,66
GiaLai,2007/06/22,76130,76369,33813,91733,18118,13023,19738,66961,49240,94871,93414,74439,9845,3762,7697,4090,677,29
GiaLai,2007/06/15,63224,58126,24774,02924,10628,08675,44991,23087,33161,06115,42697,02333,7675,6776,0349,1414,897,50
GiaLai,2007/06/08,22503,03580,19618,28096,38143,01460,42763,83358,19595,11910,09647,57826,8566,4534,7815,1293,704,50
GiaLai,2007/06/01,93392,67218,36913,15240,72191,43433,40720,07797,30083,60384,85760,13564,9910,3070,3266,4680,987,66
GiaLai,2007/05/25,61204,61075,45645,23838,26906,11952,68752,34513,40934,73186,25842,72907,0128,4891,5120,6317,406,28
GiaLai,2007/05/18,02058,22085,03700,18790,35349,61311,12771,92559,06940,08755,66772,26290,5475,7519,4405,7567,614,44
GiaLai,2007/05/04,06773,81038,76596,18688,24192,20501,03770,03489,89243,53090,29929,40967,5616,9456,5397,6830,235,26
GiaLai,2007/04/20,77311,01828,73838,68017,90097,13202,71930,50011,69050,82073,53281,68198,0669,2047,3733,6623,988,33
GiaLai,2007/04/13,80517,15437,95167,58035,96826,53354,91232,22032,23642,80047,35742,22154,6143,2428,7201,9948,574,65
GiaLai,2007/04/06,99266,96208,94296,07904,12726,77236,20204,69946,31652,05596,70359,49379,1055,5061,5073,1093,225,90
GiaLai,2007/03/30,06561,22919,24862,41743,27503,59766,40439,44178,00962,01698,04113,24539,0251,6401,2205,9594,226,55
GiaLai,2007/03/23,97826,70310,34753,57762,76564,88904,73049,07183,69748,63768,43179,62990,9618,5889,5761,6753,290,25
GiaLai,2007/03/16,15656,24100,32198,29106,14640,06936,65181,99428,23802,04618,50455,17592,5944,2539,5923,8662,875,39
GiaLai,2007/03/09,62514,20501,89173,77900,11691,14896,65097,12101,73173,27848,11791,87033,6844,7558,5509,5696,618,56
GiaLai,2007/03/02,76043,32782,69100,41034,60836,61022,98745,70784,11518,80032,58349,27253,3608,4815,0486,3638,933,09
GiaLai,2007/02/23,18535,49299,38951,84858,03257,42529,68968,24296,86820,50872,42261,79759,0123,9910,6213,3908,383,25
GiaLai,2007/02/16,29971,60397,97086,31268,90835,88617,75872,79847,99512,61328,02457,71492,2846,5430,2315,0175,843,95
GiaLai,2007/02/09,54177,37996,37863,08379,58579,40279,90796,49572,31517,12219,89991,94905,1683,1379,0287,7806,417,02
GiaLai,2007/01/26,66421,41552,41586,27853,91151,54036,65833,42951,24465,45718,75841,85302,1373,3689,2066,5560,563,28
GiaLai,2007/01/19,43190,27593,56779,55014,73200,58453,95653,37423,07163,30692,56660,08244,9068,9924,5464,8207,010,25
GiaLai,2007/01/12,33961,49494,57221,68234,82286,05548,38102,89324,02479,90853,01416,01261,8237,6821,9202,8152,018,19
GiaLai,2007/01/05,40327,61205,18536,65874,81608,93976,86092,69276,48524,87858,73368,73144,5855,7781,3274,1120,030,62
GiaLai,2006/12/29,15810,77711,57215,16255,71859,41063,04743,79091,33472,26645,58850,16096,1956,9868,2589,5207,304,52