"dai","ngay","giai_db","giai_1","giai_2","giai_31","giai_32","giai_41","giai_42","giai_43","giai_44","giai_45","giai_46","giai_47","giai_5","giai_61","giai_62","giai_63","giai_7","giai_8"
KonTum,2019/07/28,235899,71257,95867,72255,49252,34162,04883,81162,70794,08303,05842,45220,4984,6944,5212,6425,610,19
KonTum,2019/07/21,261869,46607,02524,19110,51078,58651,25230,31173,65472,50493,49664,20350,0296,2646,1150,9895,787,30
KonTum,2019/07/14,779763,44422,82097,22869,49420,44125,08662,27599,34235,79183,04569,80585,0123,8925,4685,5791,989,24
KonTum,2019/06/30,145988,09013,42481,92422,01418,15040,05235,65501,13307,99072,03526,83555,1482,3210,4165,0651,583,90
KonTum,2019/06/23,492283,31637,26919,69662,64464,81204,38678,18926,65128,16309,88036,05054,0490,3813,7760,1926,766,04
KonTum,2019/06/16,888640,53341,68814,12699,08742,27600,98708,07766,91117,16555,34527,25674,6773,9687,2174,4208,381,87
KonTum,2019/06/09,104269,84654,85680,97561,09611,54108,42456,20301,31933,64147,87553,00302,1455,2809,3254,4256,149,09
KonTum,2019/06/02,204031,62181,42280,94567,92685,70954,50320,67684,31586,38356,16169,64188,6756,5410,7819,4122,466,25
KonTum,2019/05/26,223681,52956,50575,42804,45834,89494,64947,95832,82992,43272,53510,13047,5768,9887,2701,8494,758,12
KonTum,2019/05/19,863062,18152,79618,11364,03869,80780,11024,92339,11792,95111,26871,18777,0620,0325,8340,6117,511,49
KonTum,2019/05/12,058037,47908,77326,81837,71637,63119,06733,81520,52941,64198,77360,07406,7187,0552,6332,6050,280,36
KonTum,2019/05/05,340888,73633,21551,76090,91957,29203,00015,19347,18539,66169,47690,02699,4620,0892,5584,3478,683,45
KonTum,2019/04/28,918392,54856,66140,26680,15282,48567,98783,30147,67097,86157,36957,38702,5013,5697,6785,1003,979,95
KonTum,2019/04/21,997590,83191,84827,83630,67428,16396,52970,69539,90816,50391,95574,23177,1153,3098,5353,0828,685,08
KonTum,2019/04/07,786510,08092,22862,85364,51706,66063,19833,66580,06378,19001,67419,59357,7431,1210,1738,9671,276,70
KonTum,2019/03/31,875010,63015,64995,73869,25668,62948,70092,11351,34808,47050,22990,87349,5118,6809,7771,4406,014,75
KonTum,2019/03/24,800039,35316,76830,10703,08311,94529,22089,84804,55026,30425,92933,40258,2102,6310,2032,1398,168,12
KonTum,2019/03/17,740177,22157,76882,88556,72962,76260,38959,06882,53276,42133,84449,28200,3145,2650,9303,3320,575,89
KonTum,2019/03/10,337591,45685,20431,01202,28582,28627,93314,15020,60319,27179,23326,10185,4681,4446,0943,8195,784,87
KonTum,2019/03/03,688652,53618,22922,09784,11487,85951,26441,49777,48712,12799,18361,25727,9895,4760,7698,0106,024,98
KonTum,2019/02/24,041396,82816,87477,54024,90433,06805,17064,33593,35049,94318,91817,99692,3265,8529,1569,1465,816,65
KonTum,2019/02/17,570126,19820,60077,10202,10308,38340,35542,84620,67076,15423,57291,48192,3560,2675,2845,4295,463,33
KonTum,2019/02/10,529310,66735,53183,50532,61180,39438,86845,32116,79339,51393,62061,40740,4914,9446,1032,7883,956,92
KonTum,2019/02/03,166952,59481,45589,27178,14251,28156,06250,32041,89563,27354,47478,18296,8731,5116,9218,6961,216,89
KonTum,2019/01/27,885995,17232,68702,67771,95718,41333,03252,83700,73576,96505,69857,17667,8912,3166,9507,9181,695,07
KonTum,2019/01/20,558476,18025,13055,54998,36670,91053,03429,93644,08513,84204,83734,84815,4299,5590,0650,9631,244,50
KonTum,2019/01/13,294160,03019,44322,13411,68532,11593,80113,94279,25658,16967,84358,55718,8192,4472,2275,1489,092,20
KonTum,2019/01/06,102544,00710,26428,19975,79461,46665,20709,74203,98752,70419,77992,79360,0720,9086,4592,5942,823,00
KonTum,2018/12/30,656936,76788,14551,73994,62402,55631,82752,38440,54555,70442,28546,43778,8070,4374,4878,0420,524,21
KonTum,2018/12/23,042706,00986,59026,01079,46657,19096,42354,42010,95612,21275,70671,88953,7091,3325,2968,8996,868,83
KonTum,2018/12/02,844004,63010,87957,00822,37290,05712,63016,92046,77834,55399,40480,18430,7110,4227,3791,6662,378,74
KonTum,2018/11/25,760719,95501,21163,92928,44061,18866,92171,79470,42801,79792,75120,71400,0716,4919,0694,2727,758,97
KonTum,2018/11/18,732468,46415,46190,58218,01426,28230,39547,66131,12070,64383,96250,30160,0311,6203,3609,7088,460,73
KonTum,2018/11/11,574513,35480,52910,04777,84855,44721,05203,06577,15504,63057,74277,41539,7015,7025,0845,1175,677,98
KonTum,2018/11/04,564904,31477,28302,39522,63320,82637,98444,25077,73360,10900,94795,43978,4453,2461,0590,6274,244,12
KonTum,2018/10/28,564112,57300,67434,89182,51726,93395,59779,42874,50632,56582,36809,80862,6889,9703,0001,5257,436,98
KonTum,2018/10/21,224059,14010,67852,76306,09411,84048,71284,31621,41164,54665,90574,39762,3939,2240,8214,6304,607,91
KonTum,2018/10/14,456577,41447,39750,39390,14198,64140,37078,76077,54054,98507,97390,07772,4008,4733,0831,1995,510,85
KonTum,2018/10/07,769954,05480,47000,09730,66518,20034,28620,82377,20737,91197,34999,92610,5180,0104,2152,0985,622,29
KonTum,2018/09/30,085172,76373,23244,44991,62416,03787,86098,30499,90886,13416,97389,99013,8965,4105,0258,8623,985,69
KonTum,2018/09/23,245066,87606,15041,01442,27732,19028,95784,49069,49330,51454,26553,43570,4756,1315,4797,3324,000,14
KonTum,2018/09/16,292140,92314,50508,05012,97087,64385,32924,50410,63546,40010,70031,60235,9102,4532,3534,5800,980,78
KonTum,2018/09/09,643723,44927,67208,48292,37966,43362,30518,95793,93199,05503,87570,14318,8574,2847,1220,7474,072,50
KonTum,2018/09/02,245256,05250,82049,58048,66711,52400,12647,89529,05690,30846,81242,92381,8772,2915,2411,1446,295,71
KonTum,2018/08/26,333258,68324,62457,00023,05820,64631,24168,95578,26372,78163,37260,20138,6958,1860,4178,6008,280,89
KonTum,2018/08/19,527546,26376,49537,34614,61955,11336,33608,38318,56035,93391,59459,08822,8986,5658,0678,3248,711,24
KonTum,2018/08/12,720472,15339,70592,01301,84742,95291,68675,56122,76658,04049,67676,71490,9380,4365,6285,5136,187,90
KonTum,2018/08/05,797517,68664,22907,18487,88923,95719,00388,41406,14393,48473,04172,88346,8681,1677,7580,4087,099,73
KonTum,2018/07/29,368878,03753,81259,07237,67047,39542,36332,68240,57190,27080,68055,82269,6074,6586,0607,8113,331,29
KonTum,2018/07/22,038913,98705,81361,29496,76542,47993,55313,53866,36683,57224,85708,11447,6904,4592,6257,2937,685,04
KonTum,2018/07/15,844728,48447,64876,78572,17731,00839,73389,83813,00417,32106,75030,86895,7100,7075,2117,6116,781,72
KonTum,2018/07/08,798496,41042,01109,05754,78679,68277,11749,45918,64314,36356,52054,91017,2448,3838,0900,2427,865,75
KonTum,2018/07/01,075025,44010,21218,23849,66305,58843,67441,52315,85006,47378,22154,35342,9913,3426,3637,0444,240,15
KonTum,2018/06/23,058380,23151,61141,69444,86263,38478,90874,34689,46190,47842,82628,44912,8327,5465,3522,4185,430,37
KonTum,2018/06/17,844981,07520,30957,44587,30987,26318,59108,72782,13641,58690,44584,52054,0670,1398,2500,9870,981,91
KonTum,2018/06/10,504976,75090,70674,42970,67690,02815,00235,98970,43245,23647,33983,13212,8636,1533,7225,0454,192,04
KonTum,2018/06/03,187087,53760,61969,63581,51145,87284,08954,97079,11750,83396,07029,60884,2300,8499,1108,6852,921,14
KonTum,2018/05/27,633605,12024,63299,13969,11001,96264,47723,45139,69590,82728,22163,41123,1487,8249,5951,1333,999,96
KonTum,2018/05/18,208845,45782,20508,40333,12995,82341,31935,59036,45744,47460,44069,94998,3809,4097,4677,9120,739,52
KonTum,2018/05/13,499153,84671,07584,13272,15477,59585,25148,01351,11517,81639,92274,87560,5103,1794,0840,3330,154,01
KonTum,2018/05/06,069958,83781,11352,99223,91119,27968,44461,09215,15345,09339,97009,44058,2044,2264,1406,3643,253,66
KonTum,2018/04/29,770403,20209,60266,33172,77473,57132,42695,64589,65648,77611,07755,53516,1783,6527,6571,6094,744,64
KonTum,2018/04/22,849946,81511,92937,70799,79502,36836,95001,37169,89467,37304,36575,00044,3357,6257,0495,8937,871,86
KonTum,2018/04/15,670780,05320,72135,43222,14320,43964,15639,46754,94680,29344,80311,16312,3955,8791,9951,8401,551,47
KonTum,2018/04/08,210223,41921,67821,36552,74016,17698,49106,79366,30657,25557,47586,64403,6265,5356,6536,1443,406,60
KonTum,2018/04/01,189393,63499,54572,36618,78426,48855,77163,01344,84121,22536,28800,01462,8094,4957,5797,7690,114,56
KonTum,2018/03/25,481949,87244,72577,74360,70353,06532,59656,47182,65420,70129,80072,64730,7881,2864,2799,1999,270,80
KonTum,2018/03/11,841936,20516,05133,70553,62400,78528,94119,80005,14348,61004,84571,49888,5783,9880,6444,7714,038,45
KonTum,2018/03/04,110580,12112,94072,83317,11792,06140,21662,96458,19522,69223,74350,69477,7657,1719,5873,4797,304,96
KonTum,2018/02/25,495127,43824,24842,08817,41780,42126,89615,96140,96107,54180,44458,02623,9132,9804,3922,5264,279,27
KonTum,2018/02/18,471914,50666,12189,34054,26179,06787,80383,53429,10977,74020,78942,97537,4622,5652,0007,3764,279,62
KonTum,2018/02/11,618268,28328,44330,37065,55151,60522,26516,23472,86476,39812,69982,32087,2222,2629,8308,4315,860,56
KonTum,2018/02/04,243296,66244,34357,97346,46727,43195,45954,58040,66712,04889,41057,16225,3132,3885,1431,7785,295,09
KonTum,2018/01/28,230779,16126,19991,54619,88455,14111,82787,51212,30710,51903,73213,48805,6436,6447,9250,6111,463,91
KonTum,2018/01/21,597318,50220,86566,45728,24464,94670,29024,95696,04490,32559,51389,35611,5734,4771,1814,7519,805,71
KonTum,2018/01/14,797199,29647,06163,99848,22751,13137,10099,56036,67656,71340,28029,49140,4023,1440,7235,7096,014,28
KonTum,2018/01/07,524659,44134,82753,64355,82757,17794,68480,12889,94876,92960,70332,59170,7550,0914,2375,6873,254,74
KonTum,2017/12/31,606951,90168,90297,09168,99664,59640,63916,17345,49464,57840,06411,10468,8740,4979,6642,5728,029,19
KonTum,2017/12/24,897119,85468,86274,34656,95829,85677,79609,06109,33080,26326,98860,19061,3158,8526,8758,2745,117,72
KonTum,2017/12/17,868187,25345,93698,93588,32623,30887,22026,84511,36286,57927,28490,14460,1410,8062,3271,2769,920,14
KonTum,2017/12/10,186256,35871,77574,92098,11850,80375,17419,08272,37784,78249,13848,88835,9487,0730,4722,1258,920,16
KonTum,2017/12/03,347324,00861,13299,19498,63467,27477,21060,25765,39780,77181,03287,59743,7740,0334,3024,3373,731,86
KonTum,2017/11/26,860513,92890,72299,78538,69178,12764,70887,87286,66337,14241,20133,11933,7243,7698,9614,3149,240,99
KonTum,2017/11/19,471495,14444,70984,91776,53812,97861,36371,58448,38183,14342,61485,19808,3069,5276,5594,7194,503,85
KonTum,2017/11/12,211319,87820,56137,28829,70271,66953,63828,66459,11880,77919,30154,26573,8827,8344,7735,6561,999,03
KonTum,2017/11/05,751332,18582,04812,27131,82975,03117,76468,03589,54084,34964,83621,62933,7535,8910,9534,5199,112,46
KonTum,2017/10/29,192159,67776,03337,08710,86399,76644,44033,93877,97037,93793,80956,40331,3534,9177,4482,7592,910,19
KonTum,2017/10/22,616553,21100,64383,40317,28287,78317,69226,45899,04316,68473,74326,49606,7975,3692,3122,1131,527,65
KonTum,2017/10/15,166488,23022,69740,30556,17904,60657,35190,42079,45040,52470,87792,72931,7113,6302,0485,2733,277,37
KonTum,2017/10/08,713508,26522,41332,18520,51396,76877,89606,76379,63543,48811,17522,91490,3926,2517,5598,6118,216,93
KonTum,2017/10/01,089427,56488,29542,58021,37194,73476,18536,09578,01911,45026,07920,52578,2806,0766,9929,0597,563,50
KonTum,2017/09/24,856022,26020,86089,26782,51681,62232,16396,77992,78416,23659,12686,57390,7970,1326,6358,4014,237,46
KonTum,2017/09/17,092080,29439,00124,34866,34866,41354,40574,35087,39503,26425,34118,89001,4628,5028,7199,5420,995,44
KonTum,2017/09/10,001779,13107,24626,54517,74209,98628,12128,54192,38701,37499,51264,34932,4973,0977,0590,4326,002,90
KonTum,2017/09/03,989756,16808,80355,36217,06601,04707,92990,39096,86550,00263,82424,91825,7290,9320,9308,4931,082,47
KonTum,2017/08/27,917941,45402,03101,62740,41134,32488,44986,69928,26620,32142,05244,28239,0016,1942,1631,1057,722,41
KonTum,2017/08/20,176357,72203,45624,99085,59740,29979,70104,86481,81475,55403,54033,27505,8583,2544,5804,4071,576,79
KonTum,2017/08/13,679058,13729,74787,42135,41490,41583,39750,71759,26411,39129,27071,72064,7379,7917,9681,1061,925,39
KonTum,2017/08/06,655708,51543,79226,28620,84439,51976,40121,30482,75514,03388,20283,67019,9520,5824,1710,1240,595,62
KonTum,2017/07/30,076273,00259,49486,97961,24270,96722,52840,90713,20860,70950,97649,57229,2616,1982,1686,1325,548,59
KonTum,2017/07/23,648834,04491,87771,50258,53998,33527,74273,62727,72229,76091,56107,49667,7513,2011,8337,2288,326,16
KonTum,2017/07/16,284295,77271,28985,61304,68297,57234,31422,72585,75395,27793,21524,48591,7278,5349,0667,7589,521,18
KonTum,2017/07/09,695331,70177,89240,21500,49470,40401,96686,81552,07392,04779,37573,70050,8521,9201,0216,1662,054,00
KonTum,2017/07/02,459029,42012,29866,64162,52708,99974,87000,41757,59876,23824,39961,09949,5348,0413,0417,5176,689,30
KonTum,2017/06/25,508611,12094,39073,52012,82442,15217,31613,99283,90218,62848,64403,75775,8045,7961,4006,7246,284,71
KonTum,2017/06/18,558168,94309,19329,15139,56703,92569,82326,53235,34155,34267,79023,67742,7194,3387,5708,2872,158,49
KonTum,2017/06/11,882075,66387,93112,93774,47651,30096,92582,06591,71315,46420,81087,33668,5086,6308,1941,7515,041,67
KonTum,2017/06/04,589204,24671,10255,41516,59017,92947,18848,49784,85755,01120,69867,42364,0187,4411,3177,5938,854,17
KonTum,2017/05/28,201337,75732,93646,79076,62092,57670,87198,00391,25417,28139,80260,07726,7405,9786,4910,6920,454,31
KonTum,2017/05/21,992097,79172,04055,33836,51120,16987,46154,43102,62286,09119,32174,32184,7056,2844,2113,7674,565,44
KonTum,2017/05/14,134328,23351,17139,12611,82045,11053,51382,00617,01351,12451,98013,04784,9467,9358,9571,0471,663,99
KonTum,2017/05/07,090989,64975,14141,49827,38008,67589,14643,53460,00747,05393,68789,01243,0108,5595,6760,4807,305,70
KonTum,2017/04/30,214299,39157,38566,19664,52716,23846,64094,05456,49971,28520,66307,14798,3114,5402,9540,7392,108,57
KonTum,2017/04/23,714424,29566,60622,47315,50001,00192,78964,71187,36241,84231,75902,68608,3943,7649,8762,3885,384,14
KonTum,2017/04/16,777918,59584,19990,21773,44731,63271,36832,97061,48871,85535,22934,08408,6248,8084,2163,7733,068,96
KonTum,2017/04/09,247278,43072,81633,57763,80281,79886,60802,96294,23612,21898,24022,69362,5942,1638,0163,5196,185,11
KonTum,2017/04/02,223888,35115,80472,30925,93356,22709,57663,02200,20197,15407,77087,72579,8209,4566,2979,4553,505,37
KonTum,2017/03/26,46895,07731,44213,37665,80173,21857,84085,34481,61415,94031,40655,81451,3232,9969,5719,3248,294,94
KonTum,2017/03/19,64613,19963,23408,47638,12092,71937,68736,03821,91255,08209,95418,97265,6182,7319,1124,7986,019,20
KonTum,2017/03/12,97696,50327,99267,08558,59040,50929,21186,30475,04300,47538,53100,67107,4393,9804,6250,7601,915,66
KonTum,2017/02/26,41271,95238,38094,46519,91809,62387,30959,69285,30910,22222,74243,89053,3363,2486,1913,6593,874,82
KonTum,2017/02/19,13945,66438,72343,91163,02480,56573,01543,50153,61092,35893,66045,74116,9024,2281,3176,5598,048,20
KonTum,2017/02/12,92680,68736,76963,21081,41027,66201,34321,40575,12229,14878,79110,98013,4381,0473,6636,5899,118,36
KonTum,2017/02/05,86757,44939,71892,26840,24530,37840,79492,38287,83329,14330,89940,48688,5669,0318,0748,5825,838,76
KonTum,2017/01/29,52278,10370,14269,57184,59079,78409,62127,97405,25056,17041,60907,57061,6640,8352,8002,1004,277,64
KonTum,2017/01/22,44490,33984,45122,06545,58428,36197,66889,35783,60576,91382,16112,65076,5876,9092,6785,9197,602,08
KonTum,2017/01/15,10251,85630,57561,64465,22614,73729,42994,55701,50553,94608,57123,02993,8128,5828,2764,7625,292,21
KonTum,2017/01/08,33933,28687,24171,56071,66897,74535,38721,13807,89990,73056,75985,66455,5944,8416,5283,4148,076,94
KonTum,2017/01/01,52655,94540,48542,17190,42903,56213,74311,99441,02201,19547,50715,72528,6266,4544,3940,5386,945,23
KonTum,2016/12/25,88246,83273,81247,50523,91427,76913,78495,59772,80480,81311,71653,65049,4548,5019,7509,0975,241,71
KonTum,2016/12/18,51996,07441,28564,83675,96072,56390,45801,36604,83618,87891,32269,34750,0282,4961,2401,8295,764,16
KonTum,2016/12/11,29978,48127,18886,43330,53606,94626,34863,34415,26129,90593,47918,02298,0891,4947,3313,1010,032,82
KonTum,2016/12/04,06887,63067,87880,72231,79725,06556,96352,13569,94048,57663,97007,57750,9145,2818,4074,7716,791,03
KonTum,2016/11/27,25334,93714,20441,14382,94610,34535,08584,27661,79167,49569,22805,46838,1580,4777,6540,2124,993,23
KonTum,2016/11/20,25671,75035,87859,07537,52599,13874,48628,46769,13335,38748,40482,47622,4399,4757,7751,3996,976,22
KonTum,2016/11/13,05345,53268,09297,65200,91462,46739,83823,79800,74684,95886,89073,57851,1992,3366,8501,7513,271,56
KonTum,2016/11/06,67032,79910,61201,80224,11485,60319,03793,21376,84835,07776,53763,33766,9932,1447,1519,0553,571,75
KonTum,2016/10/30,62241,67023,44183,18233,20853,49763,50252,16640,71142,36583,67733,92253,3384,5356,7142,1475,215,76
KonTum,2016/10/23,58939,37838,76182,52108,12339,33881,13764,61808,50239,17412,48172,77966,9463,4975,9182,0279,955,86
KonTum,2016/10/16,87343,02914,71747,84362,28995,50934,72005,48346,40967,00042,04193,28210,8516,4392,6590,9634,741,54
KonTum,2016/10/09,36921,46279,74784,39003,63502,04938,80791,41261,20231,48369,46689,88795,1585,4704,7757,1476,632,87
KonTum,2016/10/02,75501,22031,43656,30822,03912,81008,08693,68801,77851,78574,24161,22307,7630,0514,1357,3390,540,04
KonTum,2016/09/25,87204,04154,52780,73606,46356,15889,46273,16664,16955,76882,43426,93931,5302,1607,6788,7452,512,23
KonTum,2016/09/18,45307,11426,88046,91936,24996,93052,32697,94354,68945,18786,79687,55071,3382,6646,7337,4974,016,43
KonTum,2016/09/11,01633,91297,34942,96726,75633,27891,14583,45564,19485,69545,15741,46178,3108,0919,1027,7448,216,81
KonTum,2016/08/28,34241,59486,40255,46192,66445,80102,37420,25387,07542,75151,59741,11876,4135,2294,2497,2621,966,90
KonTum,2016/08/21,33084,92968,53076,43755,46228,39092,68783,01072,77348,60781,46801,40942,8322,6226,1189,8534,502,49
KonTum,2016/08/14,77297,82898,46098,97036,71558,75425,45104,01379,13990,85963,54130,73075,6661,8856,5608,3369,876,42
KonTum,2016/08/07,17548,65262,28996,97513,78380,72036,79363,31386,30088,15237,15278,13138,2087,7296,3642,7914,289,74
KonTum,2016/07/31,24913,57106,02367,85716,44131,17178,88249,97619,04501,83339,01556,26302,6797,3620,0924,2120,688,01
KonTum,2016/07/24,48214,22828,00142,45386,02712,36133,03528,32130,18270,28152,33652,36520,6700,0755,3220,4278,875,33
KonTum,2016/07/17,12125,98689,27420,60129,93949,33974,54011,85975,28612,72911,19929,17034,0464,8639,8523,9383,638,09
KonTum,2016/07/10,17655,19790,50135,47230,36962,16829,32350,86003,52224,70785,63470,08057,2476,5689,7846,8418,077,70
KonTum,2016/07/03,91089,12285,15281,55410,23050,29765,87366,38022,38474,25464,34056,50676,7889,4633,7015,3170,682,90
KonTum,2016/06/26,36185,21949,43213,72611,93463,24552,21926,08040,15002,37098,06696,04191,8556,3744,9704,2185,807,80
KonTum,2016/06/19,66116,70508,23365,98650,69245,47635,90544,93792,31743,23757,64159,43072,0890,0723,3910,0076,661,23
KonTum,2016/06/12,44659,82282,63415,85541,67262,17115,39083,84998,65099,16974,80563,39230,5869,8898,6079,2516,344,02
KonTum,2016/06/05,23650,56941,54319,48905,21884,44319,28339,72331,82440,07211,95899,24337,2510,1184,3879,9020,037,47
KonTum,2016/05/29,28068,51196,01837,04952,06001,31957,46228,66946,65460,07992,48736,25045,0331,3098,1912,0613,415,59
KonTum,2016/05/15,96416,90182,08222,82147,95264,70673,13106,45953,97050,45451,33431,47369,8056,5888,6422,9516,054,66
KonTum,2016/05/08,70879,07540,83268,92618,89138,00209,53543,19799,75695,54721,69540,31786,3321,3554,9285,5905,072,06
KonTum,2016/05/01,95980,75749,82069,91178,53475,78715,32379,88743,23535,17494,67160,45468,9475,1762,5763,5092,087,47
KonTum,2016/04/24,750363,00606,15862,32063,80371,16054,48877,12480,73022,21185,74342,79703,5990,8535,7565,9088,055,37
KonTum,2016/04/17,388722,63876,49066,68278,69215,16560,24722,81521,53838,43060,88397,08567,3022,0283,4319,0182,884,12
KonTum,2016/04/10,157553,34692,07267,78921,71448,34540,08998,47585,98836,33046,85385,17073,1946,7487,1189,1725,653,30
KonTum,2016/04/03,137324,39291,35173,71018,79304,99181,56138,86306,53719,44135,07621,83754,1861,2624,5919,9275,850,59
KonTum,2016/03/27,132750,23082,44866,45681,51374,66665,32764,35610,22274,24407,44562,17670,8251,8005,0073,7976,708,37
KonTum,2016/03/20,300151,54237,54514,96308,38017,99581,84546,15051,34335,06594,89049,01836,0929,3882,7501,3761,438,25
KonTum,2016/03/13,210889,14791,83530,34817,36725,51170,92058,44500,71975,91041,19661,52547,6583,5891,2989,4353,741,91
KonTum,2016/03/06,534934,02775,92657,96517,72599,90723,19981,88225,91792,26773,79767,98528,4457,8679,1195,1827,118,31
KonTum,2016/02/28,760277,47229,74386,76077,49569,73826,94219,21952,40283,56408,57650,63069,9068,6962,5691,8914,471,36
KonTum,2016/02/21,475510,21395,65187,41115,40694,26932,11733,34288,81291,63085,13960,63123,1474,5212,0455,0293,124,30
KonTum,2016/02/14,002311,66190,54682,81490,32596,83680,73132,67380,50647,53667,91421,47572,9045,8477,8231,5605,612,95
KonTum,2016/02/07,095453,84614,02010,71717,54867,44470,94219,46447,53807,21494,58928,20823,3203,6355,3424,9847,672,53
KonTum,2016/01/31,055093,13452,10277,11219,02448,70447,30579,39340,61455,89635,37789,00123,5403,8026,4519,8096,958,74
KonTum,2016/01/24,392215,10956,10247,76603,85268,48060,30474,72327,31794,53071,08415,79871,2047,0046,1532,0196,348,46
KonTum,2016/01/17,964062,67504,79394,16509,34624,36123,70780,19643,97945,76198,52794,75357,4491,8405,7248,9828,158,49
KonTum,2016/01/10,846800,46048,25242,24413,42690,95061,79448,86927,21887,51404,30969,53827,5953,5007,5003,8965,797,43
KonTum,2016/01/03,510486,34395,09465,08331,66824,35531,63739,02244,14931,47033,30008,45503,3309,7954,0452,9451,602,41
KonTum,2015/12/27,496545,49720,40136,91524,40431,06239,47492,80330,93315,67534,92931,35586,1877,9630,5965,3837,653,55
KonTum,2015/12/20,908882,10910,97872,14320,53702,98020,05780,03689,99027,21708,64366,66249,5920,3834,4086,1489,515,60
KonTum,2015/12/13,696650,21684,85937,72309,84257,38351,87452,77376,33271,11399,20981,88886,6523,7588,7758,5855,250,62
KonTum,2015/12/06,713475,42159,68517,61111,08012,08818,53481,31848,99535,48779,40031,69548,6904,9508,2160,2995,408,91
KonTum,2015/11/29,692980,15673,18884,98884,14886,12161,45215,03449,71744,88207,85930,87121,9551,0455,8478,2570,837,84
KonTum,2015/11/22,335796,15477,71271,25987,35528,54613,78177,81714,42287,68601,14724,24203,2156,5546,5271,5359,782,79
KonTum,2015/11/15,131486,51182,34101,51278,83956,61581,43670,56409,07464,15777,85217,26547,1859,0630,0605,8702,134,93
KonTum,2015/11/08,421035,54894,28453,06263,91052,16681,47272,31291,22820,73932,82790,17343,5447,4523,2000,4156,407,67
KonTum,2015/11/01,95945,51337,40835,26959,42587,57685,94217,01419,86406,85080,44377,11669,3479,7853,6707,7025,301,84
KonTum,2015/10/25,82794,93357,48948,84562,10904,10465,04809,76465,98532,34146,17826,79452,0013,2092,7486,6570,886,25
KonTum,2015/10/18,94481,83437,09673,32694,59083,72790,52178,56312,16653,44462,20783,20651,5182,4108,0455,5129,993,73
KonTum,2015/10/11,27325,25774,45157,30365,00444,33935,84216,94563,21116,92284,69154,22029,2479,2966,2622,2991,839,77
KonTum,2015/10/04,91324,98226,97687,23853,68542,44584,59654,57967,20730,90482,36872,35292,0199,5233,3444,8179,602,80
KonTum,2015/09/27,50934,68343,59902,09048,06461,23490,21770,00443,21971,69271,51788,53755,2340,0435,5258,1595,695,74
KonTum,2015/09/20,60608,67187,66179,75249,50622,23784,55268,78900,26071,53012,29741,83766,5797,0456,5726,1341,829,65
KonTum,2015/09/13,10954,80682,27354,52215,94786,04401,34454,90652,65562,54299,14804,25969,2581,7440,2379,4821,176,93
KonTum,2015/09/06,79622,13340,49581,24231,69032,36812,54102,23676,20627,26465,99395,61845,3399,7446,3892,8659,072,80
KonTum,2015/08/30,43202,12560,32326,47154,72768,26059,46061,13013,40464,04199,47717,02063,1320,7557,0982,6005,349,44
KonTum,2015/08/23,69280,93257,22810,10796,59454,85895,32745,29744,93295,71200,54603,91608,9096,3218,8209,3246,324,82
KonTum,2015/08/16,36013,14151,34654,78060,73671,22298,96369,01251,00186,36805,66041,46545,1867,0409,2509,5681,337,75
KonTum,2015/08/09,84460,64698,92309,96121,36550,86887,02741,77721,26066,75468,15607,24156,4968,7640,0090,1531,946,39
KonTum,2015/08/02,33332,16204,71592,76881,26506,21015,94711,42955,39249,77637,42569,53709,9271,6506,3586,9405,263,77
KonTum,2015/07/26,50520,23255,84046,81396,44669,76494,42494,46730,78103,65333,31072,08400,4624,8089,1220,5536,210,02
KonTum,2015/07/19,09840,41364,56850,82853,07691,36852,64703,00435,07303,18617,77950,69167,3038,2770,4159,4081,292,64
KonTum,2015/07/12,30285,48445,46046,67657,73798,46895,79343,79738,22717,14693,68043,49838,1961,3423,4609,8301,521,94
KonTum,2015/07/05,57365,10644,59167,98522,85074,84913,08515,61275,06118,65256,82112,51528,5019,6399,4963,5705,408,10
KonTum,2015/06/28,45390,59693,47925,40426,15621,30321,49927,85411,73299,09589,62286,02407,0039,4442,2537,3047,899,16
KonTum,2015/06/21,39273,48366,07451,98289,53975,10311,24610,94364,43346,15656,68945,58343,6962,6560,9772,1169,612,78
KonTum,2015/06/14,00175,88152,25750,92237,09238,73965,69349,13360,76570,03582,42695,68716,3624,4317,3601,6476,231,93
KonTum,2015/06/07,43949,02452,40913,72387,47305,00095,18114,39224,19778,34507,63397,38908,1976,7322,3321,7862,809,06
KonTum,2015/05/31,82886,97139,21711,36232,16686,63932,20842,23018,77219,95470,02280,26146,2312,6048,0410,3225,796,87
KonTum,2015/05/24,39108,84229,13414,57043,18459,31524,45732,07543,65036,33479,47706,62839,8790,8207,1866,7813,112,06
KonTum,2015/05/17,58933,16743,20177,96702,52496,15368,22607,13415,40308,93497,44278,36672,4621,2557,4075,6767,003,63
KonTum,2015/05/10,05653,02642,49982,38745,68542,65340,45619,10672,67243,64605,97545,59011,3820,8023,6219,6461,616,85
KonTum,2015/05/03,78309,18926,93891,74894,01746,76130,68604,47569,55192,73290,12824,12119,2967,7342,1704,0910,767,89
KonTum,2015/04/26,30161,15783,32573,74337,35026,32689,45276,07127,24735,80637,30099,92558,9786,0348,6083,6743,219,91
KonTum,2015/04/19,57613,01444,27021,78591,16265,98839,37904,38920,73397,23484,05464,94256,3729,6186,5299,0910,528,67
KonTum,2015/04/12,67657,45309,67103,93755,34522,95873,76059,72724,94771,99850,00465,24287,3741,0101,1661,5114,056,16
KonTum,2015/04/05,48668,62654,12592,84194,91906,51770,18164,75619,09522,81344,99384,65711,4883,0402,2430,4123,750,34
KonTum,2015/03/29,81955,92369,76083,95332,18389,73055,90066,80318,06907,28045,97647,92673,7790,8701,2397,6610,575,38
KonTum,2015/03/22,55028,05799,46428,90773,28423,68938,24625,65362,41931,15528,38521,74390,8778,5593,3211,1537,651,17
KonTum,2015/03/15,40019,74571,18781,88988,30667,10503,41190,79556,03697,61370,35295,74351,7435,0863,2028,7365,635,96
KonTum,2015/03/08,46468,25116,24705,44100,31664,06024,66337,43940,12148,94066,50899,16658,3160,2735,0197,0464,458,16
KonTum,2015/03/01,39463,00266,56770,43745,98171,62408,81699,81180,00697,86876,81474,79188,7965,6786,6182,5222,861,53
KonTum,2015/02/22,87676,22595,66280,68751,35216,18539,73598,42023,98671,29843,96855,16301,8192,3180,3957,9425,671,52
KonTum,2015/02/15,59706,58795,78052,18392,23804,30391,30197,49157,77871,70978,78717,89071,7426,2487,3315,2043,983,82
KonTum,2015/02/08,36633,73361,41668,13846,73312,49897,10366,49963,92760,37602,93801,91637,3764,0676,5103,8893,886,47
KonTum,2015/02/01,032324,48911,69758,99118,94133,78820,66207,26904,79502,05111,49593,43045,2910,1205,5844,2784,971,33
KonTum,2015/01/25,31106,17273,20968,88378,43112,02014,28928,64728,44154,34803,93762,22622,8590,4522,2239,5144,278,11
KonTum,2015/01/18,97238,14138,53697,31424,36761,68468,64826,67704,93896,94781,32615,86904,4917,2225,8579,5713,909,59
KonTum,2015/01/11,13679,10422,36138,40624,33135,15173,19084,52092,40894,30412,73761,50377,7150,2279,0607,2701,097,18
KonTum,2015/01/04,58699,45720,62651,61486,75425,30921,65335,23041,82164,59273,09583,89875,8421,9336,5883,9775,901,02
KonTum,2014/12/28,22552,44049,93144,28668,36432,97964,18644,82409,56248,64505,09541,17112,0479,5785,6311,4956,393,55
KonTum,2014/12/21,06506,96878,06816,88320,55184,41530,79319,83795,41594,56204,23246,29681,5343,7419,4867,7227,640,92
KonTum,2014/12/14,98506,88455,31245,09432,40469,80792,07258,09522,51438,45928,63928,35919,7404,0078,2106,5149,526,56
KonTum,2014/12/07,12929,92171,65957,79495,84208,23183,63366,89885,98084,24390,17712,87595,2871,3754,9245,5327,082,53
KonTum,2014/11/30,51407,15032,19509,60204,19309,22653,25561,99967,45029,25936,97905,76917,8934,1412,4124,2436,662,70
KonTum,2014/11/23,32201,92335,66404,47883,30586,93708,86336,27374,99183,60036,98293,40519,9170,0807,3142,9318,418,20
KonTum,2014/11/16,93371,64341,30824,51949,29990,77461,20238,10048,69661,10271,06261,48624,8960,8481,4096,7707,945,31
KonTum,2014/11/09,73442,79490,70425,09884,09709,38504,82786,03839,99065,37102,23749,63227,0227,5679,6965,4561,264,43
KonTum,2014/11/02,06724,40329,79560,79011,09141,48217,59490,23341,27190,34994,86670,41312,7164,3147,6644,0725,007,65
KonTum,2014/10/26,42689,74375,41263,88557,47660,45381,26587,56794,29775,91500,05521,90987,7274,2610,0689,2034,559,65
KonTum,2014/10/19,25244,52304,31386,24226,98209,06561,57698,64076,35637,14218,05175,81611,2674,9037,9954,9319,840,20
KonTum,2014/10/12,40507,69200,25173,11807,89263,23637,15784,17195,02060,78836,05261,50303,8127,7800,3560,3298,832,42
KonTum,2014/10/05,52423,79740,52957,84861,01199,93601,57625,69006,67257,76854,35487,30729,1345,8097,0781,4596,360,23
KonTum,2014/09/28,97695,47685,85657,84736,51936,45496,72962,91843,21807,91596,87968,51364,7672,3439,3098,0314,147,52
KonTum,2014/09/21,14612,95323,40863,08559,55932,32957,15215,84868,21932,91677,01790,17670,6452,5479,3696,2975,458,28
KonTum,2014/09/14,82715,82500,53509,40317,12007,38393,27113,34148,86571,76564,72400,62019,7497,1550,6947,1404,499,60
KonTum,2014/09/07,00846,67482,56348,99060,82649,03029,03212,43690,75865,98140,50026,39569,3160,6891,3557,1818,652,52
KonTum,2014/08/31,85519,55915,96530,80645,65281,09723,76315,85944,60282,01149,54468,15077,3252,9265,7497,4792,980,04
KonTum,2014/08/24,06406,37479,70255,20973,10106,36813,31497,43646,42268,22934,13948,76712,0389,2716,9518,6988,095,08
KonTum,2014/08/17,95833,46620,65275,89377,24086,94042,15481,86061,43480,61697,83226,91685,3441,9131,3421,8920,817,81
KonTum,2014/08/10,15082,89695,54681,37117,24616,88056,85680,81753,43577,26686,22775,75055,8892,0546,2294,4901,158,95
KonTum,2014/08/03,24880,84004,17144,69421,65460,24718,99652,80930,47237,03670,89506,20367,8356,6146,7947,0017,542,76
KonTum,2014/07/27,75502,16017,70226,11695,30709,38946,21642,71968,42012,18397,43893,69966,2883,3455,9115,8800,334,11
KonTum,2014/07/20,54788,99005,63479,11463,34106,89033,66695,60839,37788,07337,24790,51565,8588,0957,5137,1245,339,80
KonTum,2014/07/13,95117,61204,20367,66179,22664,41569,76109,39690,99557,53203,43409,33207,0754,0455,0938,8540,366,82
KonTum,2014/07/06,18154,38580,41599,13370,06313,44403,57140,02435,77666,15359,89590,67163,1704,6654,4924,9538,408,72
KonTum,2014/06/29,36953,21844,11727,39633,12427,72853,57864,03979,60095,50964,06451,42418,4488,9722,6039,6011,391,09
KonTum,2014/06/22,63209,52995,49779,29918,95513,43110,53104,39785,81901,08043,61523,77986,1502,2367,7266,8929,404,50
KonTum,2014/06/15,94437,51534,35679,74876,52281,83837,50805,07477,02970,72791,10210,50258,2136,1105,8494,7390,442,48
KonTum,2014/06/08,60992,73706,20079,95712,01684,18456,33531,03162,52659,91494,17737,07219,1609,3299,2958,4539,723,57
KonTum,2014/06/01,59927,67139,24060,86390,03007,58136,46348,74441,15883,24401,73285,87498,3360,6281,0975,4924,332,30
KonTum,2014/05/25,53934,32337,90369,72018,36272,86597,88114,29515,11119,69886,41555,54465,4624,8758,2580,6213,557,20
KonTum,2014/05/18,46477,08328,12554,27826,61818,57607,17273,12366,09477,61449,25130,92541,6292,6945,7714,0913,031,95
KonTum,2014/05/11,41752,71206,94289,10284,51710,38717,49012,77913,03364,70355,37304,05145,5875,9607,9750,1552,618,62
KonTum,2014/05/04,88708,31676,71903,06940,35213,14314,65411,51194,42006,91766,93247,80699,7345,6727,8263,8666,368,65
KonTum,2014/04/27,25073,65069,48880,18386,56126,38326,92719,14376,64600,20622,14465,72092,5423,2070,7795,2457,533,42
KonTum,2014/04/20,68706,34196,32145,89355,63677,20891,37240,19604,13999,43624,89482,85494,5531,8451,6035,5021,228,89
KonTum,2014/04/13,45191,07910,86842,96934,94456,07677,11661,16317,65082,81768,58706,38779,2514,1222,3608,7340,192,23
KonTum,2014/04/06,21746,57169,45802,69806,96948,32928,79803,99767,52899,59804,49585,55093,0847,0541,6671,3963,506,29
KonTum,2014/03/30,28812,96279,99692,23192,09836,98493,16695,56236,73838,22370,50386,68106,7330,5024,4792,7639,473,52
KonTum,2014/03/23,62457,57583,41040,74474,61620,91748,22318,22077,30486,22753,47347,62433,1084,5456,8589,0596,544,34
KonTum,2014/03/16,34847,57662,25840,16885,67024,08655,15057,19031,02561,32349,53358,08913,5166,2617,6712,5020,555,79
KonTum,2014/03/09,59052,71418,09794,70800,67997,44585,81832,20817,61894,71178,51560,29150,3248,4683,3299,0499,663,46
KonTum,2014/03/02,92019,07460,26768,94985,30733,76709,32656,55808,64438,59974,76759,60655,4159,5605,2252,1006,060,87
KonTum,2014/02/23,62686,14304,23212,54465,29789,57785,67866,26860,57766,96869,90041,00794,4065,1089,0378,2065,701,12
KonTum,2014/02/16,17322,56720,27719,42009,73347,93710,97696,62358,78444,99861,09754,94430,2623,2354,3910,2700,568,22
KonTum,2014/02/09,57148,76178,79512,05927,40096,76809,23585,33773,60006,44157,91537,85934,7347,7669,4261,1471,482,37
KonTum,2014/02/02,06030,95793,43014,59338,87583,50796,72774,76379,77794,43842,76903,11782,9984,7687,1814,5731,319,86
KonTum,2014/01/26,59174,74375,42259,13110,19056,82334,10319,17611,53356,35690,01373,37548,4996,2010,9910,7589,843,16
KonTum,2014/01/19,25373,51086,12035,36271,89291,15768,24704,15987,52468,82288,98024,68822,5736,4992,0802,3458,881,91
KonTum,2014/01/12,59545,33809,95884,48238,28050,15891,02285,61774,20690,83573,06761,63791,5688,0242,1215,5697,671,38
KonTum,2014/01/05,17541,49357,96306,57485,11124,67743,90859,89475,95780,73494,56837,88572,8466,9802,6117,4432,380,20
KonTum,2013/12/29,27509,01062,83392,87422,36795,41888,50565,41613,74888,88834,06189,07334,7370,7370,5197,6728,683,89
KonTum,2013/12/22,54236,52986,46794,69566,92591,41400,45785,54800,94334,78429,71091,39096,8074,9283,2079,5433,111,88
KonTum,2013/12/15,84501,85667,87355,33685,82427,87683,27102,48289,05117,23490,50358,25830,4831,0615,8423,1557,820,42
KonTum,2013/12/08,08757,12777,77244,32805,07175,24571,07569,63730,93184,28414,92601,43915,2660,5841,2885,4454,570,19
KonTum,2013/12/02,77063,57856,29409,99088,67411,91433,19867,83684,18426,15888,23593,47245,8813,4431,4611,9577,327,78
KonTum,2013/12/01,77063,57856,29409,99088,67411,91433,19867,83684,18426,15888,23593,47245,8813,4431,4611,9577,327,78
KonTum,2013/11/24,53727,32270,41944,54103,26532,34210,65942,46504,40961,41192,89039,09279,3025,5493,1797,3972,854,83
KonTum,2013/11/17,33769,57038,63188,84427,42454,46952,05307,26900,44153,51954,38051,82489,6818,0176,1398,5502,488,94
KonTum,2013/11/10,00559,02282,56697,66743,68344,74146,36135,59587,68793,92546,75776,18228,4729,2128,8458,2721,101,32
KonTum,2013/11/03,65531,94406,41923,76279,45057,11267,44189,18113,93529,73617,57682,52470,7728,7703,5919,6406,186,87
KonTum,2013/10/27,82569,29465,75703,63483,61477,67298,90915,28190,22588,65090,41221,52049,5074,7260,1389,7113,586,15
KonTum,2013/10/20,40697,23802,63512,77288,88968,80236,44267,61779,55081,67648,71543,92514,2800,4084,3841,3632,712,58
KonTum,2013/10/13,53717,40968,31886,69782,51601,79027,01936,10840,31537,99561,94497,71977,0433,9354,3659,0737,920,63
KonTum,2013/10/06,54318,79036,40304,16664,08007,35961,95668,17656,66855,69530,52627,89856,4159,3594,8407,5526,685,51
KonTum,2013/10/02,33271,75493,26766,00780,51049,02647,83899,58774,37960,47420,74464,94296,1640,2434,5993,9049,715,15
KonTum,2013/10/01,33271,75493,26766,00780,51049,02647,83899,58774,37960,47420,74464,94296,1640,2434,5993,9049,715,15
KonTum,2013/09/29,33271,75493,26766,00780,51049,02647,83899,58774,37960,47420,74464,94296,1640,2434,5993,9049,715,15
KonTum,2013/09/22,37080,53326,65829,73455,50086,65276,94960,20157,66548,42369,84178,17669,8524,3032,5131,0907,257,89
KonTum,2013/09/15,95738,50647,24187,74606,94885,23136,73121,68299,93902,87495,63233,68718,7540,5872,5841,6680,750,50
KonTum,2013/09/08,91682,94384,71127,31915,65893,31212,75356,74230,47349,40503,89998,65740,8800,3825,6673,6592,340,10
KonTum,2013/09/01,09902,07107,62760,89936,69421,89990,28119,84058,07625,21959,79337,56235,7880,0042,9690,8721,981,98
KonTum,2013/08/25,70815,46151,83173,73061,06156,61851,16084,58499,93337,69429,88907,22699,3645,9322,1069,4896,130,12
KonTum,2013/08/18,50779,13619,10605,67730,04630,20764,68483,20508,30321,45650,62444,21109,2313,5351,7479,9909,281,69
KonTum,2013/08/11,23898,99194,10360,76998,21858,65742,68897,40675,73882,79853,00110,14313,9792,2841,2164,8005,836,77
KonTum,2013/08/04,39594,98001,36094,11807,97985,77475,95224,03735,63874,51715,69563,76794,5283,5058,7040,7424,659,11
KonTum,2013/07/28,26577,59256,72582,32801,41641,27753,51118,62016,10570,58187,15532,54190,5727,3928,3080,5212,199,93
KonTum,2013/07/21,15919,72629,06596,10090,32067,55679,82160,54776,49462,39044,85095,51194,0501,7299,3388,7550,959,29
KonTum,2013/07/14,35023,97207,14035,79288,65747,17198,84650,59617,35638,40507,62418,35278,2459,9426,6877,6431,079,09
KonTum,2013/07/07,59237,64564,43262,86243,03892,31325,42923,25472,19707,96606,96902,55675,0962,4954,8499,5798,581,80
KonTum,2013/06/30,30135,66405,26692,24164,90186,79891,03212,44186,62504,03064,76539,13858,0850,6093,9868,6484,204,80
KonTum,2013/06/23,05008,36953,64238,83261,48971,45718,06365,46641,51633,68180,37761,19577,5176,1444,2396,6861,652,73
KonTum,2013/06/16,510983,19433,09850,21350,34734,28639,20724,56530,23576,49407,88364,02717,0650,8383,2603,1289,915,39
KonTum,2013/06/09,98328,95006,61291,70212,04176,88219,69205,13604,47138,75204,83142,84279,8073,8982,9001,1474,773,70
KonTum,2013/06/02,57895,60048,72307,51110,44344,50712,25173,75668,60759,92715,63160,60129,5389,0972,2560,0728,797,47
KonTum,2013/05/26,63570,15516,73941,76117,81077,97957,79450,03821,29943,11516,18344,12701,0512,8428,5359,9634,339,79
KonTum,2013/05/19,98109,98903,35998,59422,00694,75831,97984,21246,39312,39456,93931,08839,6619,0645,7092,6627,912,51
KonTum,2013/05/12,29672,73220,56372,04019,06218,29505,46490,97192,90901,02515,92259,34553,8747,7994,6436,2763,346,92
KonTum,2013/05/05,09722,18657,86110,18054,68605,30738,99213,06101,00763,71661,55709,67963,9126,3713,9149,8582,366,29
KonTum,2013/04/28,60715,21317,10240,53129,31265,53809,33330,91744,38484,79624,57729,46649,5560,6488,7240,9614,016,63
KonTum,2013/04/21,61012,51319,08308,69654,49538,21674,88946,14030,80573,75007,07620,85515,8044,0340,3582,4394,019,24
KonTum,2013/04/14,67510,75454,48230,50091,34894,95913,26954,47920,59007,74279,34694,12373,0081,2224,9099,5008,510,57
KonTum,2013/04/07,67312,64647,07642,47952,76619,69768,49658,79994,38070,81436,83416,62648,7287,4381,2442,4793,743,96
KonTum,2013/03/31,31196,36550,54186,40906,98429,39567,98990,57356,34559,44865,73209,38087,2381,1785,2715,6262,498,62
KonTum,2013/03/24,94834,35530,93213,86858,30182,22928,05630,44129,15967,28085,40051,60926,1738,1704,2619,6604,472,14
KonTum,2013/03/17,74901,84712,35873,36989,20711,15066,65929,97353,69952,63890,83945,77699,9218,4264,7079,1101,378,84
KonTum,2013/03/10,84143,26730,47757,25375,98407,22760,86521,55669,09357,49695,14837,91226,4482,0286,8819,7238,617,86
KonTum,2013/03/03,96140,46896,63926,04730,65753,99570,19212,14943,28290,58253,98639,80148,9047,0735,0048,8423,154,47
KonTum,2013/02/24,04034,90473,97051,11552,56178,68639,08976,78536,65037,42118,85037,75835,7847,8978,6029,6787,901,99
KonTum,2013/02/17,89237,81918,56289,88317,25866,75881,97310,69636,66130,55014,43298,39577,4560,2012,7900,1585,791,81
KonTum,2013/02/10,38247,65304,08773,79274,72099,68608,81461,92204,56969,29010,11598,02102,5349,9239,6456,5188,926,06
KonTum,2013/02/03,38013,24546,02751,43727,98807,69229,08296,98641,12420,10199,53761,45625,4226,8290,7361,7502,611,72
KonTum,2013/01/27,55162,20644,08348,65781,30663,86047,74868,79493,07461,61234,72744,34944,7485,2862,8677,9480,907,36
KonTum,2013/01/20,16737,23382,31409,58669,19477,86391,17762,63494,38119,67218,59401,45421,7258,8686,8561,0291,470,06
KonTum,2013/01/13,22004,78452,13163,98703,74951,14939,99385,89138,85955,19637,17105,45945,9217,9084,8187,8062,621,01
KonTum,2013/01/06,20386,34956,24140,59446,68494,88107,01637,81555,61376,21297,91710,94050,6641,3053,0056,0602,105,58
KonTum,2012/12/30,28146,62527,91568,76098,43636,77010,66639,25960,07023,61863,14673,52209,4297,5579,0550,0424,491,87
KonTum,2012/12/23,72004,28910,66767,32087,46961,11595,58372,79497,31331,54671,86910,64616,5758,3591,7712,1101,682,62
KonTum,2012/12/16,45242,20746,33199,01960,05167,92198,25798,77008,25514,79458,73447,44230,8992,2357,9793,5074,402,21
KonTum,2012/12/09,52457,52207,08096,50142,21247,27942,66767,32048,64317,69843,47044,08122,2685,8410,5390,3515,691,98
KonTum,2012/12/02,54247,17937,17353,62047,62444,51268,88296,57525,07704,03377,13624,92867,9857,1837,1433,6695,004,83
KonTum,2012/11/25,90275,55489,98459,64747,94247,74101,60340,99152,48214,53690,61599,40928,1476,7644,7586,8422,212,97
KonTum,2012/11/18,91724,85129,25243,75512,44956,41937,48131,06949,23174,32818,15551,65219,0632,7398,2869,5262,298,22
KonTum,2012/11/11,76337,74520,40539,34522,25922,94148,30651,82367,31324,75517,19670,95500,2620,8369,0202,4742,815,27
KonTum,2012/11/04,18535,60199,44113,32395,54521,90902,82059,09375,66429,41601,35115,63432,5163,7430,7847,4077,930,64
KonTum,2012/10/28,79278,99506,65557,73554,13783,91865,05076,39483,13294,98023,52383,82480,3827,0014,8639,7447,832,90
KonTum,2012/10/21,84104,40713,80670,51075,23496,50193,73063,65128,79650,37626,40226,49120,3020,0420,8337,4961,552,54
KonTum,2012/10/14,39013,48107,43006,61725,39423,58033,26625,54258,89767,38528,25716,03033,6979,2884,5196,3558,916,70
KonTum,2012/10/07,76655,74491,58416,88936,12764,81733,57618,96545,20753,13198,77014,15423,6753,1100,5460,0026,171,26
KonTum,2012/09/30,17818,88659,17600,78810,75267,97194,97140,68962,95136,61159,80931,91995,2480,7614,8109,7098,811,53
KonTum,2012/09/23,41603,09114,38048,03008,91058,40730,67726,16539,75799,97620,40615,33028,1216,9321,8907,0956,639,80
KonTum,2012/09/16,68341,52600,99464,54033,00695,18562,06062,31132,08951,71807,75871,50302,9137,4436,3156,2379,936,23
KonTum,2012/09/09,56553,98621,03128,41335,42403,48724,79813,06798,50068,12106,21700,80262,4368,4765,0150,4766,425,99
KonTum,2012/09/02,66642,78496,08970,39914,45961,97531,42535,37759,75259,52339,06504,65280,7539,9874,9305,5680,439,96
KonTum,2012/08/26,57331,53271,97024,86282,95252,07146,26689,71164,91667,67780,29356,28493,4673,2763,4150,0199,379,79
KonTum,2012/08/19,64528,14860,10245,51607,48518,80942,34439,38921,41647,86843,07874,65770,2822,8002,0473,0394,569,56
KonTum,2012/08/12,22780,27594,96834,58743,10179,23080,20704,12225,58108,52983,76325,49630,4614,7832,1943,3429,602,56
KonTum,2012/08/05,51671,51432,25360,49396,28679,95874,22529,27146,11550,70881,73279,51701,0836,3938,7311,8004,796,31
KonTum,2012/07/29,52807,65571,98788,36505,79592,01961,59834,99691,79522,08157,00492,02026,8756,2547,6456,3523,499,72
KonTum,2012/07/22,89361,32112,77481,20026,50484,21507,96602,86739,83376,06957,81651,93556,6091,0592,3761,8393,050,31
KonTum,2012/07/15,06456,98046,27546,01688,66587,12831,58892,47669,85641,37912,58727,12626,5380,7657,7434,5966,331,69
KonTum,2012/07/08,29518,73078,90089,02984,22871,60443,01908,91042,36701,81975,71412,89366,0682,0018,6903,6528,009,54
KonTum,2012/07/01,20367,62624,75438,48087,03036,56118,45766,40923,37870,52953,10604,62307,3039,0572,6770,4759,268,50
KonTum,2012/06/24,10589,51654,41526,15983,48307,48066,06297,66800,70747,02634,61723,01634,2226,2266,3482,9324,732,17
KonTum,2012/06/17,37622,61912,45320,94001,68168,56819,59412,61352,26798,47440,92465,41611,8340,7172,0817,0614,456,10
KonTum,2012/06/12,23083,84980,73083,63507,15705,52950,74451,34709,74303,72309,29897,24087,5102,2236,0321,0639,377,93
KonTum,2012/06/10,23083,84980,73083,63507,15705,52950,74451,34709,74303,72309,29897,24087,5102,2236,0321,0639,377,93
KonTum,2012/06/03,02949,34627,63894,67035,28681,32049,88089,52221,01806,41657,97987,66099,5459,6259,8582,8395,357,81
KonTum,2012/05/27,97236,83282,48550,94289,15661,57458,61186,27019,38438,39989,34318,92175,7521,0780,1361,4568,434,82
KonTum,2012/05/20,98497,98982,09198,86671,76040,91444,26185,84451,97415,81897,69170,03196,2582,7862,0104,6164,818,67
KonTum,2012/05/13,16598,65775,83043,45968,63157,80612,78067,19430,46078,29388,95351,07221,9224,1542,5802,7980,429,63
KonTum,2012/05/06,04050,58149,92377,67931,59225,14612,18347,19786,44330,82465,07360,74436,0247,9840,1604,5070,566,36
KonTum,2012/04/29,28139,23053,36291,09602,82187,22557,53355,73520,48026,04100,32361,63092,8467,5881,2590,8370,609,50
KonTum,2012/04/22,17006,76037,66667,19475,95447,07528,13522,65522,86070,24811,23478,67755,8032,0401,1987,4843,170,79
KonTum,2012/04/15,98834,22744,14144,44513,09576,29401,22964,63901,32264,33662,81802,26318,7394,5657,3837,4464,785,04
KonTum,2012/04/08,71564,29647,82009,04187,37464,22761,65195,75952,24198,71718,02364,79753,1353,2975,8669,8617,350,36
KonTum,2012/04/01,72288,73913,30782,58384,04176,39626,84868,60246,71526,63112,89422,19263,0684,4339,0782,8111,038,76
KonTum,2012/03/25,61560,14818,71033,72305,06358,11038,25659,81254,41090,66746,07198,26773,4894,1689,7116,4485,406,02
KonTum,2012/03/18,34332,38781,23614,35334,73070,00645,83487,15533,78737,70260,91609,10603,8579,8450,7215,9001,056,06
KonTum,2012/03/11,79018,56769,51859,18857,59665,17450,31263,08327,76086,85243,49216,19899,3701,9167,1859,1333,455,78
KonTum,2012/03/04,80041,37338,73710,08716,79113,61714,43183,58815,47838,04696,57510,09083,7706,1563,6424,9792,701,84
KonTum,2012/02/26,49397,19427,63186,66915,00049,43180,72758,28373,77826,97255,07712,93988,7366,9600,2097,0045,320,81
KonTum,2012/02/21,78852,05954,36585,78078,31804,35632,50377,39670,85578,53935,69917,81648,3565,3613,5348,2369,797,90
KonTum,2012/02/19,78852,05954,36585,78078,31804,35632,50377,39670,85578,53935,69917,81648,3565,3613,5348,2369,797,90
KonTum,2012/02/12,79487,14683,95818,11013,98137,36024,41310,78805,83066,05153,77836,08209,1446,0657,0379,5785,164,82
KonTum,2012/02/05,22483,38744,34510,36850,28673,97732,98973,27169,22413,98154,20360,69202,6928,4676,3798,1506,211,20
KonTum,2012/01/29,71765,82611,27130,36485,58110,57628,77959,90593,96737,52861,85222,22578,6337,7526,4854,8645,662,60
KonTum,2012/01/22,04372,78005,87411,11534,81639,92251,78424,45919,29544,70603,66990,78831,2594,0856,2920,7144,580,26
KonTum,2012/01/15,33031,20396,75027,47593,33540,67557,20352,44215,32445,95205,89967,67658,3125,0021,4515,4954,078,97
KonTum,2012/01/08,69343,20098,82368,36438,07816,70194,91701,24535,28064,27660,36289,73711,2390,4808,5732,6322,499,70
KonTum,2012/01/01,01241,45097,12549,75189,32902,50110,56802,06790,10774,99688,41267,43643,5753,5122,2288,2441,520,84
KonTum,2011/12/25,47641,76156,41846,24208,45999,75668,24588,47105,15197,89074,02303,45722,1197,9740,2939,4657,226,50
KonTum,2011/12/18,01400,51646,75456,00065,15222,20773,32654,40200,02537,24867,83642,27047,3531,4365,2450,4320,902,82
KonTum,2011/12/11,81464,76913,79003,90091,12062,93554,31216,32165,34027,09492,18674,40484,2829,9887,1937,4719,687,58
KonTum,2011/12/04,26494,01161,76693,82381,13142,42538,18254,63394,02906,74714,59151,16927,4688,2097,0931,8723,424,40
KonTum,2011/11/27,59285,70600,54100,05683,62574,67585,13015,32154,68177,09813,25367,35968,0460,2700,9572,4866,790,44
KonTum,2011/11/20,41884,82005,66983,84069,59427,82594,67266,50821,19109,45703,92466,62211,2815,4043,4272,4413,158,09
KonTum,2011/11/13,41035,90900,87226,27872,47496,09475,66715,40718,55574,29291,42529,14366,5249,6083,6813,8815,132,62
KonTum,2011/11/06,41295,72024,62392,48875,96123,01506,69061,45523,09774,70071,96925,46075,4613,2462,1105,1949,326,23
KonTum,2011/10/30,63508,35670,42934,64793,01847,47865,90738,10270,13531,80033,29365,96640,6974,9125,6139,7277,064,55
KonTum,2011/10/23,25907,52271,83158,26648,17046,05645,86056,92680,55545,19256,09912,74476,8396,8893,7225,6400,699,92
KonTum,2011/10/16,64253,14380,40045,99826,66773,87435,56718,07201,78921,45007,81159,40789,7746,1583,4544,7331,481,92
KonTum,2011/10/09,83926,37891,01161,80864,12980,69201,48086,63764,53843,74134,04306,71426,5195,8786,5563,7948,320,99
KonTum,2011/10/02,14542,85044,98307,62742,24239,74458,96361,47336,34454,76779,73613,57950,3890,4500,9428,1092,266,93
KonTum,2011/09/25,47145,69556,94108,90307,63036,31187,23076,26314,28892,80823,27083,49442,0626,7804,2245,3804,745,63
KonTum,2011/09/18,24349,89346,91953,92877,22772,05380,53257,42616,86831,27243,66090,14620,7873,3210,1165,8753,876,07
KonTum,2011/09/11,63053,13416,38514,07308,55212,13475,18384,89113,34048,14605,65505,97242,5711,5405,9605,5020,961,55
KonTum,2011/09/04,78879,29196,85482,73352,47243,84741,39288,01379,42502,89903,20979,03774,5879,9793,6192,4966,070,73
KonTum,2011/08/28,75252,10030,61281,87061,98865,41456,51195,54034,30294,01301,67632,33750,2835,0877,3220,0719,551,25
KonTum,2011/08/21,98472,11529,38215,73181,82183,85002,91444,23686,39131,30887,00645,24172,6635,2644,5226,1310,294,33
KonTum,2011/08/14,35477,58879,54444,48825,46161,75442,04474,07191,09108,61666,48693,20327,7452,5090,0234,6851,801,97
KonTum,2011/08/07,60568,94303,55811,54635,42556,81064,09835,93377,57284,19888,88840,70329,0740,7018,8760,0576,110,35
KonTum,2011/07/31,67709,24510,81763,97997,37524,98243,50927,90357,30567,04854,22095,25293,0908,9028,6621,0138,329,80
KonTum,2011/07/24,79672,20822,59806,79518,51809,65798,61755,22476,23684,82819,91402,66402,0289,1555,3746,5922,854,86
KonTum,2011/07/17,16922,50734,42676,75023,51180,85213,02844,16659,86005,56504,62618,87185,7858,9602,7031,2107,964,64
KonTum,2011/07/10,88319,65305,70506,31247,51608,71645,94209,24687,06539,80125,63462,47782,1849,6983,5369,3046,855,40
KonTum,2011/07/03,96115,54549,44605,30484,42766,73338,54614,67194,73759,03830,67966,50014,6488,3814,7635,7173,681,81
KonTum,2011/06/26,63660,82661,15425,57433,80719,63692,01289,67886,26697,12240,76742,50589,3813,9428,8309,5922,128,52
KonTum,2011/06/19,80094,45271,02829,04996,44994,19262,20065,72168,31027,27291,41174,05022,3493,2848,1909,6597,347,52
KonTum,2011/06/12,69516,78401,51740,03128,19314,06322,76363,18203,40194,62058,69056,01386,0864,8760,1977,0518,509,55
KonTum,2011/06/05,31516,38642,26059,79386,00330,69101,76756,91406,00996,17493,14493,05547,4933,4939,0858,3867,967,22
KonTum,2011/05/29,84195,40107,24680,09214,35585,00722,85562,66860,13058,35652,40572,96206,6931,9382,6515,6195,824,86
KonTum,2011/05/22,01275,19377,91978,72587,90195,06213,51803,72392,80783,57860,69968,05048,6127,9781,2213,9140,458,33
KonTum,2011/05/15,31803,85828,82941,68948,54567,97045,00074,27905,65766,65264,20892,45349,2554,8926,1128,3788,122,93
KonTum,2011/05/08,36635,90745,70417,71756,51094,14267,18683,37480,41394,75566,98735,66010,2055,4284,8827,6996,369,12
KonTum,2011/05/01,92153,59780,97194,60948,24569,08331,84911,24826,60378,15436,67780,43046,4122,5660,4889,2504,116,54
KonTum,2011/04/24,05352,55739,67466,43704,08265,91342,37453,45119,98087,16013,15741,46875,6015,6498,9680,9052,507,05
KonTum,2011/04/17,16521,19763,48610,85225,28881,80261,81672,91507,50811,71640,07867,18395,3587,1882,7588,5997,743,91
KonTum,2011/04/10,76678,76147,47832,45853,17418,84600,47688,69104,46671,84352,41941,86694,0125,6231,9569,7625,479,27
KonTum,2011/04/03,42155,64076,06610,18570,86459,35488,04316,80790,20608,11262,23395,30559,3416,1927,8078,6551,831,78
KonTum,2011/03/27,00391,32061,78437,36430,25670,75686,14798,33146,20324,38918,02340,02372,3106,5487,8349,6056,465,42
KonTum,2011/03/20,19694,85983,59203,00084,21706,66519,21979,37509,00301,28449,63770,73536,7971,3779,4307,5445,540,77
KonTum,2011/03/13,28209,85232,35544,05303,45553,08699,83886,04998,00506,56314,33780,32006,7332,3064,6684,0645,054,61
KonTum,2011/03/06,86712,98733,26143,39649,02007,83484,36987,73439,89553,72678,04943,31362,5935,0400,3428,4768,294,87
KonTum,2011/02/27,71748,69697,23018,80952,88667,51870,91334,27154,20141,85949,03209,39904,1991,7223,6118,1876,588,73
KonTum,2011/02/20,19619,29148,53419,75018,41873,67097,21820,96964,15037,15518,10847,26459,5732,5168,5725,7841,535,19
KonTum,2011/02/13,56400,55645,61735,76236,20183,82911,96773,31955,43547,71503,45252,78447,0463,0139,6229,3899,463,89
KonTum,2011/02/06,95881,44716,98965,17182,67497,84104,57867,16040,52208,00075,37242,09854,0920,6465,8072,8472,064,13
KonTum,2011/01/30,98395,10985,42257,02191,31950,12479,81344,60234,62704,55940,92247,92221,7521,7376,3307,8574,426,54
KonTum,2011/01/23,90599,59615,51193,17043,03868,77505,59631,92017,50025,08072,53488,31873,0043,9907,7448,7300,839,20
KonTum,2011/01/16,90530,22029,28510,74494,70642,05895,03059,45120,70186,53189,05626,14183,8288,3861,9345,0404,493,84
KonTum,2011/01/09,97042,56308,07164,57926,93590,05478,52655,62645,19822,79419,76470,28262,4530,4644,9030,0259,316,80
KonTum,2011/01/02,43819,15047,44676,19591,93351,56736,40657,03862,15142,89248,56259,69977,5167,7186,6265,5360,414,93
KonTum,2010/12/26,56951,06963,84753,30767,64950,49957,71709,43551,44903,28815,93971,20590,4757,0846,5895,6332,532,79
KonTum,2010/12/19,34112,14573,07192,84804,40881,78606,00262,28261,81481,25611,19940,94330,8799,1808,3937,8527,021,73
KonTum,2010/12/12,02938,47650,07408,83907,71256,76223,89249,44721,75570,37754,29133,06653,6463,5370,4084,0075,258,01
KonTum,2010/12/05,08570,86645,36610,05545,14730,76479,95306,41344,00017,85383,66556,74693,9755,8753,1190,1100,542,56
KonTum,2010/11/28,92292,05010,65945,84064,10043,45333,22179,52368,75190,91782,40954,60129,6766,7048,9081,1549,792,80
KonTum,2010/11/28,92292,05010,65945,84064,10043,45533,22179,52368,75190,91782,40954,60129,6766,7048,9081,1549,792,80
KonTum,2010/11/21,77229,99564,26536,80375,46556,37421,56599,38897,81405,13004,74075,83879,8880,9521,2270,9592,490,24
KonTum,2010/11/14,08911,00272,44174,48652,82748,32016,37288,61979,72272,01470,82010,49646,9324,8228,8743,2909,676,68
KonTum,2010/11/07,49571,34172,40030,64953,17783,73585,12077,26848,74623,74639,47023,63937,2834,3125,7269,8794,542,47
KonTum,2010/10/31,93766,05878,50889,26370,60128,99686,96756,87970,83326,62014,06238,85572,7581,0638,9681,2948,671,36
KonTum,2010/10/24,11291,90667,22588,50084,34532,10015,63406,12812,32534,68234,35634,59265,1294,4124,1635,2691,268,48
KonTum,2010/10/17,24180,04480,27240,38470,79322,40976,34050,65764,67765,08685,03180,08301,2065,8025,4444,9869,997,01
KonTum,2010/10/10,96692,08225,97250,53691,60606,06395,24332,54257,66527,03733,66331,39925,7480,1950,8976,9970,299,92
KonTum,2010/10/03,71819,96986,52604,76184,21334,93561,38570,28274,61001,76176,23031,44900,7611,5634,7477,5918,522,70
KonTum,2010/09/26,62477,75195,29319,35922,23018,20668,84887,57412,54623,19983,81490,97508,2381,1260,9454,7970,400,44
KonTum,2010/09/19,81481,49136,80779,62418,68937,26957,86615,26011,19071,02879,31152,09034,3199,8644,2395,4385,993,09
KonTum,2010/09/12,76880,14045,85862,09449,10295,41866,68698,52682,18027,06388,73576,71781,2941,6699,3571,9264,037,59
KonTum,2010/09/05,25871,56367,60781,65414,73109,58906,15048,05181,47848,88439,76756,10144,4328,8026,2913,3918,274,15
KonTum,2010/08/29,64500,63511,77135,44693,67273,82992,26057,82021,47020,83213,89258,68147,1836,2106,7907,3538,107,86
KonTum,2010/08/22,50274,12280,69613,40030,01009,81162,89792,34923,58282,24990,90549,30884,5458,0419,7322,8170,177,19
KonTum,2010/08/15,50845,26620,58382,57019,26460,29417,73707,44985,70287,62040,96895,13795,3272,6591,0735,2543,666,64
KonTum,2010/08/08,65495,47018,94973,76439,68610,68907,87829,16760,40795,16845,42980,56658,0516,7650,1896,6743,918,86
KonTum,2010/08/01,88085,39660,51311,81715,40200,05779,18861,76309,49101,68145,75071,45212,3438,7120,5549,9824,529,79
KonTum,2010/07/25,65605,07386,80709,38423,05196,51194,10574,12825,61229,68757,82250,91813,3826,1932,4957,3931,474,46
KonTum,2010/07/18,81099,00322,93023,92240,40904,69444,83819,05693,74008,15542,71320,53441,5568,4403,5715,8337,201,75
KonTum,2010/07/11,65451,78005,72498,43083,46825,99022,72316,54056,40028,24898,26465,01475,7642,1912,7590,8695,728,30
KonTum,2010/07/04,50595,17585,81168,52755,81169,65474,24376,64615,91287,38639,45994,14133,5727,3966,7731,7682,826,43
KonTum,2010/06/27,91602,54522,35297,49785,57052,91389,87615,32579,91157,17775,48422,52337,3868,2949,6646,6977,643,48
KonTum,2010/06/20,90715,15583,15398,34089,01910,95545,72715,55025,67899,37652,32832,92795,0822,6729,4181,0367,745,46
KonTum,2010/06/13,22817,89750,99200,74507,53523,21544,51010,04429,85579,36658,59041,27292,7085,3125,1800,8231,747,09
KonTum,2010/06/06,32620,30433,74887,14574,03649,34801,89561,09587,73591,92931,94713,07059,7330,0836,3359,0755,664,71
KonTum,2010/05/30,13655,47479,44725,02344,72023,64206,57411,26759,05711,13934,18764,37889,1863,8500,2104,3406,429,99
KonTum,2010/05/23,00500,05618,30365,27303,74746,05476,32987,39869,99831,00968,80257,78363,2276,7866,2880,5365,462,92
KonTum,2010/05/16,06554,91699,88852,93127,58477,09256,13067,26289,39066,28555,53108,48453,5110,3111,8711,3501,136,67
KonTum,2010/05/09,05009,74960,19379,43106,08296,68845,38308,72230,41272,58049,50216,13366,5904,0270,5406,1797,516,09
KonTum,2010/05/02,46447,41834,34265,63702,58006,43349,91687,35832,13680,85702,69215,14312,1572,6681,4631,5820,506,45
KonTum,2010/04/25,40563,16789,84517,90188,89344,93525,69613,24582,75870,07441,72972,12346,5275,1428,3897,9268,581,76
KonTum,2010/04/18,33919,50197,85386,66518,91903,91911,81556,23165,98161,62840,28663,55669,2184,1541,5391,3187,527,65
KonTum,2010/04/11,20403,56388,61541,45564,33237,86673,99178,12801,24431,85038,98533,40425,7465,2591,4193,9407,383,31
KonTum,2010/04/04,38609,96063,80787,48990,28779,98957,37767,40503,98764,79280,86457,61999,2314,2251,0204,4958,878,10
KonTum,2010/03/28,84849,94687,61055,13390,05856,44837,57211,90057,14102,39601,04514,65496,2123,5532,0347,5607,056,88
KonTum,2010/03/21,93098,55239,52541,27468,42515,73908,30893,14778,40524,97367,76061,25381,8769,9513,7957,9327,901,70
KonTum,2010/03/14,77670,99445,41839,77456,04114,96756,54646,20179,04107,17338,09097,65667,8790,4974,7057,1055,542,35
KonTum,2010/03/07,01896,26959,97433,73309,89372,63557,26247,94469,91415,71182,29496,99811,4455,2220,4564,9401,781,33
KonTum,2010/02/28,37147,18868,82324,36654,88286,60127,56712,89126,22852,01668,40710,43511,3548,4594,2941,4705,867,42
KonTum,2010/02/21,38019,62469,02771,25738,17281,68660,17209,27993,08390,18096,52804,00955,2008,4444,9183,0540,565,80
KonTum,2010/02/14,67963,98056,94395,28021,15850,06862,21655,39339,02944,90655,53470,97223,2072,1043,8469,0351,306,15
KonTum,2010/02/07,38438,48214,16100,73638,82348,58372,10993,95805,06417,73587,65634,27014,2906,2905,9294,2381,681,67
KonTum,2010/01/31,99413,44341,75040,17646,87848,00503,66590,43842,73008,80939,38995,43402,8127,5203,4882,3251,359,70
KonTum,2010/01/24,32709,57802,50010,44350,17273,90502,01234,16813,60935,70936,99746,16048,4607,1129,4966,0239,724,44
KonTum,2010/01/17,94618,10109,58597,47521,11516,35675,59911,55263,87127,85305,39571,09827,1394,7699,9401,4250,225,05
KonTum,2010/01/10,64281,06528,55997,12548,48298,55959,48090,53626,28954,35994,05118,53852,9451,1340,4286,0366,011,62
KonTum,2010/01/03,54554,20744,53946,47555,19517,03175,31886,67067,71138,07522,99881,14638,2662,7055,8190,9738,032,32
KonTum,2009/12/27,24315,07483,01649,30259,58068,36489,91457,87457,59908,69303,66703,82290,3917,4293,9328,2428,075,75
KonTum,2009/12/20,24037,65777,87521,38692,21708,07998,22575,56519,15048,89399,43209,46428,6333,3781,5579,9359,190,26
KonTum,2009/12/13,58875,41441,00868,10723,30013,60030,75689,91440,15375,18167,80315,00016,8993,7710,5769,6765,994,83
KonTum,2009/12/06,74280,33842,41993,81971,87063,79343,80677,72857,98904,58594,30262,93139,1261,6398,4699,0987,154,07
KonTum,2009/11/29,09459,35584,27731,10894,02132,52656,02051,36973,40930,14461,85818,28510,5669,2726,2914,2459,164,18
KonTum,2009/11/22,27957,70379,30211,85481,86773,52783,08109,78268,00819,40681,20103,11004,0132,0995,2119,8681,823,79
KonTum,2009/11/15,77076,65974,79984,35217,51611,83502,29205,60448,28751,11416,46518,66845,0962,2912,0574,0594,754,21
KonTum,2009/11/08,51926,03263,56083,14562,95683,75112,62984,64186,22032,11424,32472,96091,7862,2269,1596,9809,445,52
KonTum,2009/11/01,74055,64539,12341,20727,70618,48573,93733,95683,94874,36472,41148,93276,5159,2771,1075,4066,796,02
KonTum,2009/10/25,06576,91074,05466,59662,41690,64446,51135,98742,49328,64562,91743,81042,8597,6112,9875,4240,149,95
KonTum,2009/10/18,89123,96237,71660,96659,24536,87831,76683,08304,72721,00740,89661,65067,1902,3288,3378,2948,079,58
KonTum,2009/10/11,83447,09425,51544,16286,62583,08507,23670,30635,55083,35943,33174,38194,0613,4620,6902,7521,833,10
KonTum,2009/10/04,52242,86711,22493,64610,89456,29219,91614,31917,63048,47642,52404,74097,6652,5488,3214,3050,810,98
KonTum,2009/09/27,09502,92034,56958,08002,43878,35573,37014,68664,16188,57957,75304,07525,2097,0003,9106,0056,101,27
KonTum,2009/09/20,63563,46414,17073,22248,20335,95833,52239,55613,18850,85075,45816,98621,1150,0877,0834,2369,914,83
KonTum,2009/09/13,65621,16315,76406,40001,95375,31022,10629,27417,37490,31992,12231,60202,2646,9033,6954,3305,951,10
KonTum,2009/09/06,41738,57482,28025,05413,31899,71069,42097,07689,78640,44063,73708,49232,8517,7176,3290,1501,625,26
KonTum,2009/08/30,25299,80599,01286,63648,15706,82687,47147,97199,39902,29155,96299,07911,9657,8143,7968,6364,766,94
KonTum,2009/08/23,18175,00610,60748,79385,47452,88521,09007,62739,05289,13506,40009,09825,1740,1290,6549,8363,404,79
KonTum,2009/08/16,56092,43916,99568,83551,66484,69894,08499,17198,65632,24698,42867,15720,0296,6590,7530,7268,645,80
KonTum,2009/08/09,05281,32744,10339,93675,77309,35716,05976,27918,51339,99650,37832,39462,5615,5376,7933,6547,487,38
KonTum,2009/08/02,06258,59704,14104,22634,15466,66240,30111,26644,56393,39026,81755,04814,9061,0368,2893,2736,793,35
KonTum,2009/07/26,71511,03840,22923,34994,08682,65579,51142,56690,30398,94691,91776,30888,2388,9036,5860,6738,435,47
KonTum,2009/07/19,69219,66750,45284,78726,37903,70162,27793,06460,39900,14586,97314,95559,3373,0860,2008,8648,431,55
KonTum,2009/07/12,25389,02162,08495,50886,26319,12053,59657,39948,03743,09881,61268,68440,6024,1091,2318,6987,332,54
KonTum,2009/07/05,69801,45392,31041,04823,51657,58847,71998,79635,28058,02104,18777,70998,1373,4067,4547,1645,435,43
KonTum,2009/06/28,92608,23227,03729,01175,67812,89904,86619,89059,68738,76919,91204,61323,3349,4364,5897,4331,237,50
KonTum,2009/06/21,83600,99025,16953,04325,39712,33510,38803,74160,87940,52296,90754,14974,8098,7574,9726,0807,699,02
KonTum,2009/06/14,02069,16896,16681,74815,41553,89818,64328,58122,59362,24873,38859,87022,6840,2614,8833,3803,994,38
KonTum,2009/06/07,03034,52576,81542,48857,74910,90812,73587,26854,06101,18251,24716,14804,5180,5169,4228,5457,125,12
KonTum,2009/05/31,43987,50610,45094,40897,89893,86299,59002,61503,90095,92156,61306,15514,9845,2904,4226,8943,470,25
KonTum,2009/05/24,90782,09707,66082,73658,27774,03381,90600,46976,62001,11831,25430,04023,8710,0976,4751,4111,229,44
KonTum,2009/05/17,13362,72840,01289,52127,19056,00866,05345,53861,06221,34661,38783,41981,4599,7659,5760,7375,559,21
KonTum,2009/05/10,93088,00576,83962,84609,66581,49992,98392,08084,06565,10450,05804,35272,2431,6490,4349,0352,445,78
KonTum,2009/05/03,35090,43926,01464,24433,18201,43534,79062,94048,88105,94166,90335,03034,8925,9793,2925,5995,699,88
KonTum,2009/04/26,30858,85348,58465,08081,06123,02479,77900,50557,48709,14924,79708,64569,9610,3930,3646,2967,853,46
KonTum,2009/04/19,69625,70141,27535,49590,30276,10445,41695,69011,20341,30030,40617,81960,2243,7208,1171,4430,386,57
KonTum,2009/04/12,80825,08667,73233,76813,47874,71198,29068,34123,42836,86173,90450,24130,2062,9357,0668,3037,155,68
KonTum,2009/04/05,61800,60349,82480,63176,92734,72550,57979,96100,51551,12761,84622,02960,7736,9042,2366,1002,643,57
KonTum,2009/03/29,47709,48243,44032,44151,29426,09828,79295,65436,07436,15186,55202,07577,9584,1684,5283,6986,345,66
KonTum,2009/03/22,02402,27735,12869,77357,85637,40939,52357,04066,75423,49260,49496,27665,1565,6165,8016,4252,887,66
KonTum,2009/03/15,34493,78896,92719,94757,37938,65124,08434,59729,05004,11648,63498,45943,2927,1929,4812,0965,158,87
KonTum,2009/03/08,80516,37376,70402,02140,12789,94503,24328,96092,18295,89360,42799,61341,4919,0924,9357,2872,319,80
KonTum,2009/03/01,98601,47045,61821,70842,56997,94277,56644,77138,10273,93333,76095,15650,3187,0221,5953,2649,930,30
KonTum,2009/02/22,52492,92530,36772,67283,31485,00656,43665,10566,20583,67421,83545,20343,3486,4655,1728,8765,059,96
KonTum,2009/02/15,49132,04218,29572,88601,12748,35192,71029,55379,22154,57237,52066,51872,8741,8964,6734,3848,874,43
KonTum,2009/02/08,23345,06521,40693,91986,39960,57741,44903,85915,55797,73206,78214,07097,4883,4841,8760,6400,750,64
KonTum,2009/02/01,30223,66721,75969,37796,70868,46571,37584,66350,06756,26688,49125,51370,9850,9953,9436,2153,241,23
KonTum,2009/01/18,89420,64164,37093,94528,44205,39709,37513,39365,75069,57992,77070,08555,7041,7882,8600,5172,480,44
KonTum,2009/01/11,00914,89162,53157,25917,74916,16444,68810,66667,16209,09192,71606,09170,8561,0140,3408,4562,782,65
KonTum,2009/01/04,56181,10814,01601,60732,15653,78124,48862,05757,02703,91348,90031,55281,5603,9903,5891,1755,000,95
KonTum,2008/12/28,62498,32981,87499,62137,96073,38368,37344,22739,43623,09720,87383,61175,8201,3652,2879,2050,587,82
KonTum,2008/12/21,69918,13956,49151,41583,20790,45251,41613,46416,12122,80817,70928,19829,9216,6563,9240,8396,087,99
KonTum,2008/12/14,41108,33079,00778,36510,09049,15679,71781,98498,57250,90668,69861,26122,5445,9736,1040,0721,746,73
KonTum,2008/12/07,39619,42390,02446,95090,84007,15148,15081,82730,07116,86431,85506,16288,8551,3595,5501,3113,679,12
KonTum,2008/11/30,24217,06930,82704,56389,78508,56228,42115,79601,41167,16569,38275,95687,1148,6461,6127,9599,453,94
KonTum,2008/11/23,44027,35643,83403,97010,04657,80861,24275,24277,33843,94815,10976,57973,6274,5943,5552,1960,686,21
KonTum,2008/11/16,85868,53679,22179,13870,59525,77571,09008,32624,11972,48685,42842,40300,8481,0547,8402,1789,175,51
KonTum,2008/11/09,58897,83333,18639,06787,61456,32318,85335,10338,81057,40559,70877,15430,7967,5394,5562,0933,388,40
KonTum,2008/11/02,37367,39122,37711,88495,38521,92259,48244,73782,06234,48432,09277,11655,5971,2564,2678,5045,537,00
KonTum,2008/10/26,14520,44935,38283,74091,48646,05394,77697,38981,00405,09575,71704,90170,7682,7549,0315,8178,491,31
KonTum,2008/10/19,10138,92627,93643,77693,17591,69149,90972,15447,85886,91453,57504,79519,7144,5225,8926,5081,983,59
KonTum,2008/10/12,17109,15118,02192,79790,30137,73832,06785,34048,83929,67768,07448,17801,9177,7289,9441,3575,546,22
KonTum,2008/10/05,50456,47183,58114,63716,81716,59964,96293,04367,16614,24834,08715,17550,6757,8976,7830,4610,987,18
KonTum,2008/09/28,15593,46360,98374,21243,15400,49865,15008,12952,10605,18576,25423,01224,9017,0691,4687,1560,655,81
KonTum,2008/09/21,56361,09290,21780,78785,32197,47546,29225,13927,22605,58098,73143,87681,0572,1868,6685,0715,654,22
KonTum,2008/09/14,38380,57717,69918,35441,21461,15409,17836,87598,02697,93545,14227,09393,2557,4286,4339,3501,749,02
KonTum,2008/08/31,96462,80884,85658,13306,89269,90021,93542,80817,18832,77057,05303,70297,8728,4457,8211,4455,796,52
KonTum,2008/08/24,21078,06947,00886,18108,82365,30153,26758,47143,89749,25159,81104,73757,4123,7630,0783,6581,045,96
KonTum,2008/08/17,94477,35285,68229,87188,23531,48351,35230,50061,56732,46338,98520,65773,0538,5609,7445,1938,222,58
KonTum,2008/08/10,73727,82587,03283,35771,34630,40827,16497,86782,03965,68730,33321,02289,0411,7316,2133,1847,945,03
KonTum,2008/08/03,73512,17852,54999,04576,49917,53930,97973,25895,53490,99335,22187,76562,5585,2097,8446,5726,531,89
KonTum,2008/07/27,13178,16602,65829,59885,09404,37886,51529,42489,05643,63765,15339,49219,7255,8246,8167,1478,718,57
KonTum,2008/07/20,28713,32707,09016,08631,30200,29315,11280,41614,80247,40428,75456,26763,7137,8866,9583,5709,760,38
KonTum,2008/07/13,42190,11660,84865,66900,96352,28696,42449,40593,89937,73822,92013,30438,8220,5501,2463,7376,291,40
KonTum,2008/07/06,15946,79261,91445,37039,20032,77967,59904,09790,11627,55646,93238,87272,2436,8496,8227,8054,294,31
KonTum,2008/06/29,84527,45211,30628,91118,19230,50372,59071,20903,51325,82542,57070,42316,8864,1045,5650,5751,084,13
KonTum,2008/06/22,87418,65953,14895,70746,36284,54361,94897,87149,71800,39787,40473,04633,0191,6432,7582,8432,801,26
KonTum,2008/06/15,75955,81794,35272,37992,84780,25291,08122,62553,67613,40871,24427,53899,2221,5427,8482,6365,302,40
KonTum,2008/06/08,27834,14793,41888,45059,01961,39485,90885,42558,59518,18630,37367,68982,8561,5234,4272,0325,375,72
KonTum,2008/06/01,34075,72849,96184,36514,67915,70531,36945,64995,37606,64046,56856,06939,6754,2559,6042,1274,859,28
KonTum,2008/05/25,44113,58856,67770,11586,82951,84493,67624,54130,13039,25747,65400,70923,0239,5252,2663,3582,133,34
KonTum,2008/05/18,52590,53446,72702,65491,15794,11959,32226,49216,34453,60234,60164,75325,9890,8560,7224,9703,449,94
KonTum,2008/05/11,78684,70846,32864,48635,17709,46321,76358,10434,96967,87863,43681,78000,6764,3247,0653,2071,177,60
KonTum,2008/05/04,57564,36662,09354,68003,04048,88428,70607,98575,25823,29681,72670,08096,2843,8685,0863,7362,207,62
KonTum,2008/04/27,96578,42824,63787,77869,68533,90349,52611,30890,77337,86071,43277,7921,4828,6699,8902,1529,156,72
KonTum,2008/04/20,26373,12300,70353,67114,52516,76771,67187,41493,52379,57105,46674,3061,8216,6471,5840,6686,703,36
KonTum,2008/04/13,71329,95439,42218,09502,37520,37903,92085,36330,31379,04659,42306,0243,7018,9130,4486,8060,104,94
KonTum,2008/04/06,90528,05099,93760,90080,49668,88698,63194,96934,00110,07777,81198,2059,9295,2169,1709,1849,477,04
KonTum,2008/03/30,65154,39752,45040,97020,38938,45608,47029,91592,06993,46894,73015,0695,8882,6904,2994,5344,402,27
KonTum,2008/03/23,03593,15417,93370,55682,80655,88715,75775,51934,39235,37533,53240,5295,6651,1117,6873,2564,784,51
KonTum,2008/03/16,32633,52356,38838,31006,52304,45832,33032,89185,84592,73675,43653,2400,6929,2815,8159,8921,403,68
KonTum,2008/03/09,73516,54805,84803,01027,53503,75270,87945,59592,94495,61414,49278,9456,1251,6551,8979,2686,031,13
KonTum,2008/03/02,62694,36951,30769,10425,16099,94484,75641,78177,99854,79977,76019,0224,8739,7957,3152,2161,087,83
KonTum,2008/02/24,66366,09394,93825,55726,91147,70263,98553,56810,69447,60242,42839,1695,8784,3769,7994,9096,203,89
KonTum,2008/02/17,35808,85583,00494,71068,93003,84766,29381,14295,99412,06281,83966,9321,2256,4311,0629,0540,530,89
KonTum,2008/02/10,37116,96612,34722,09201,06830,66834,16280,37052,11360,53823,50411,0845,2919,0168,9032,6041,311,52
KonTum,2008/02/03,72770,12881,70086,45884,96603,59573,16703,84434,14149,36423,24609,4127,6933,4441,9165,3941,736,48
KonTum,2008/01/27,02223,75923,50627,31826,32579,66055,52873,10845,19897,13062,60113,0108,4147,9307,6508,1390,481,77
KonTum,2008/01/13,79840,61230,47348,18867,43754,37827,82687,91529,85852,19425,52366,2433,0033,3971,8713,4348,610,75
KonTum,2008/01/06,16595,33086,68747,56287,75785,99128,77798,38878,65167,87598,85573,1997,9774,6408,7567,5721,197,99
KonTum,2007/12/30,46396,45019,31597,16063,39212,59488,61889,12705,65849,08871,93226,06060,9135,0544,4574,0537,235,71
KonTum,2007/12/23,57431,75838,00602,52710,30873,44323,12656,81932,22611,15950,97332,37060,9661,1586,9085,7211,240,64
KonTum,2007/12/16,04436,35201,70853,57695,43377,80298,10641,26617,14553,60621,63744,38028,4639,1444,7148,5356,783,42
KonTum,2007/12/09,37224,87446,66095,95062,87787,09416,51659,72582,20348,29426,68547,76440,1388,2137,1370,4390,451,08
KonTum,2007/12/02,75565,77957,52130,95605,14063,95095,43628,13285,89595,62670,75933,28792,0374,3744,6568,9213,085,78
KonTum,2007/11/25,66089,40219,27593,06110,01647,44303,25508,91716,33852,02086,01834,96135,1988,8207,9401,6946,294,78
KonTum,2007/11/18,11193,52176,86592,68490,29034,75192,67189,79723,14135,64167,28726,27800,8569,2275,7327,9298,207,75
KonTum,2007/11/11,94661,83310,76000,65358,66671,06159,37663,18576,08813,86710,23790,54800,3068,0129,8802,2609,556,40
KonTum,2007/11/04,98574,67306,07594,47177,75306,94833,61253,37617,07705,43892,19943,38964,1730,0628,7166,7077,216,23
KonTum,2007/10/28,27485,40342,05010,75577,28169,85309,74483,70095,53911,10614,90374,58827,3171,2006,0713,4510,254,90
KonTum,2007/10/21,34849,15660,40324,23067,34521,16424,10776,22094,55459,33938,28813,97429,1422,2960,9634,7454,326,27
KonTum,2007/10/14,00929,52873,88239,58865,64687,24889,49441,49025,52779,62903,32613,12115,3603,8505,6300,4103,931,84
KonTum,2007/10/07,53886,78544,61477,15151,30225,62854,65997,59070,97065,84657,14731,58796,4646,5723,5534,3615,644,46
KonTum,2007/09/30,91987,78227,47467,77323,58809,15742,48474,74978,92779,05840,18243,89183,5049,4230,9879,3052,551,93
KonTum,2007/09/23,96756,85373,31522,61596,01657,22721,98212,60462,43095,99799,23516,73240,6174,8068,3295,1062,073,45
KonTum,2007/09/16,53804,49536,70331,45002,30971,12354,17161,14562,99906,80639,21041,23508,3745,1123,3569,3141,774,23
KonTum,2007/09/09,57112,66807,92394,98486,11700,74667,42421,93202,94967,88609,38530,73238,0230,2682,3204,3222,915,43
KonTum,2007/09/02,31399,81719,42696,06435,50550,21294,07878,98481,77858,44210,17581,91025,1562,2537,9900,4793,283,59
KonTum,2007/08/26,13520,08992,68145,99326,62570,00426,20035,26482,71569,57295,76063,46623,5011,7317,1854,3482,076,03
KonTum,2007/08/19,14477,13082,36441,73454,88124,77167,52254,26379,77858,94268,23478,62111,7235,6309,8416,4328,551,78
KonTum,2007/08/12,52292,67974,82051,66785,06127,89390,72818,08566,58851,21420,90080,83841,9023,3728,6051,2099,114,38
KonTum,2007/08/05,21212,07864,95891,88451,98669,30454,39385,32023,80362,72354,41544,80489,1086,1719,8233,4046,258,50
KonTum,2007/07/29,67414,16944,51569,65866,51034,67457,59016,54798,47079,67384,03816,75538,4009,7694,1990,9582,047,87
KonTum,2007/07/22,29647,13222,59006,83588,46993,26783,11172,06307,06443,50106,80183,59102,5412,9249,6378,0501,529,57
KonTum,2007/07/15,67642,51756,83537,64059,55227,27444,56777,85522,68593,09451,02984,98843,7614,7135,4192,6491,851,09
KonTum,2007/07/08,78822,06263,14026,99839,45379,75256,53404,25284,58458,41274,67523,23407,7554,1543,5134,3991,820,73
KonTum,2007/07/01,27696,01469,94640,12681,18809,31775,87837,33016,83397,39659,93523,84997,1938,5013,7424,3029,189,36
KonTum,2007/06/24,27696,01469,94640,12681,18809,31775,87837,33016,83397,39659,93523,84997,1938,5013,7424,3029,189,36
KonTum,2007/06/17,89459,28345,28416,86176,91301,38430,33221,72315,57510,26521,94052,72232,4487,7908,5054,2263,223,28
KonTum,2007/06/10,89459,28345,28416,86176,91301,38430,33221,72315,57510,26521,94052,72232,4487,7908,5054,2263,223,28
KonTum,2007/05/27,04155,51210,22011,49577,99904,31572,32692,94164,04778,66209,26777,39784,9999,0942,5712,5452,359,97
KonTum,2007/05/20,04155,51210,22011,49577,99904,31572,32692,94164,04778,66209,26777,39784,9999,0942,5712,5452,359,97
KonTum,2007/05/06,54135,34882,56698,83377,02700,03683,13053,61729,58982,94724,39879,93389,5287,4498,6761,7315,102,12
KonTum,2007/04/29,80183,72056,46198,92421,36574,83093,89546,58842,17071,11454,19447,50133,1965,7714,2969,1171,817,04
KonTum,2007/04/22,01037,05437,19114,55998,14885,07047,06673,13154,17374,20575,67623,84584,5289,1013,8158,4379,634,50
KonTum,2007/04/15,09502,29929,78619,54033,43410,44141,02363,64629,55108,89343,50692,19758,8446,6040,6100,5558,330,04
KonTum,2007/04/08,38555,51166,14514,16009,85898,44799,04995,18643,16220,76817,37689,20802,6372,2170,0575,1152,917,32
KonTum,2007/04/01,75172,69518,20346,16014,60000,09496,17592,06245,12981,15478,39827,61528,6240,4133,1043,9301,953,34
KonTum,2007/03/25,06723,06263,51274,23232,61706,45777,49740,39935,97386,47842,79366,62292,9261,1311,8529,4879,849,22
KonTum,2007/03/18,05401,79857,38897,55889,86697,17815,33396,32142,85825,40059,69360,91937,0390,8813,4830,1384,732,77
KonTum,2007/03/11,58679,29527,51755,83762,22219,41812,13017,47951,53071,67970,18744,42978,2649,9247,3251,1029,163,83
KonTum,2007/03/04,60852,23681,03742,27972,53183,25371,51068,91709,20177,11505,83320,15963,7291,1519,6024,3156,206,00
KonTum,2007/02/25,78229,83844,04963,12921,79453,51035,12111,59213,74696,39170,80489,06644,3250,8495,4851,2736,869,14
KonTum,2007/02/18,24045,13614,75901,78473,58292,12483,46997,13587,77271,78505,87404,43183,2139,4248,7213,9954,908,48
KonTum,2007/02/11,90431,51246,45865,53175,80499,05520,21309,21448,95856,47614,63403,63878,6202,4172,1439,4116,304,12
KonTum,2007/02/04,06993,37956,18879,07904,10147,02389,07377,21957,41539,07195,15201,05438,9127,5541,4334,8912,580,16
KonTum,2007/01/28,99641,42247,90932,38271,37337,61862,08793,87144,76128,48911,57838,18480,3491,0250,9341,6571,039,12
KonTum,2007/01/21,23349,73120,22934,77848,10242,14255,32246,50532,37157,92399,75078,87297,2090,8763,3099,0559,593,16
KonTum,2007/01/14,79099,94914,79679,25188,41016,46313,19776,67145,31166,07824,29831,20116,2694,2487,7023,2570,359,51
KonTum,2007/01/07,35752,11088,58785,43516,37060,20927,03355,60602,72406,71996,14495,49590,2303,9354,7055,1457,744,47
KonTum,2006/12/31,17699,57763,68079,16095,80742,48800,61853,69947,66042,42271,07644,23337,1124,5119,1989,0980,343,27