PhuYen,2019/07/22,839940,92911,59805,34465,56189,99709,76548,88378,88750,77565,76641,70709,0208,6905,7842,0731,647,37
PhuYen,2019/07/15,211345,38466,03271,50962,16549,02520,79910,12614,81080,38116,93604,54145,1846,3490,1204,9553,446,04
PhuYen,2019/07/01,652740,23470,73998,70918,83125,79772,05028,20375,58593,42643,19666,69063,5987,3041,9357,5057,804,26
PhuYen,2019/06/24,621024,59125,24904,32900,27296,78734,48626,80815,46772,87737,97684,16885,0958,2800,0595,5087,116,62
PhuYen,2019/06/17,750557,95803,09532,90763,59848,62597,38936,42576,80942,98354,23426,54004,6808,1316,1514,7144,754,26
PhuYen,2019/06/10,357153,52587,83837,84362,07365,15085,29569,05929,48144,81882,54932,05382,2516,6783,6408,7481,153,83
PhuYen,2019/06/03,877780,54054,24672,47415,79172,79309,66204,03244,80498,50400,41219,43111,0854,1106,1555,1575,857,53
PhuYen,2019/05/20,809931,12804,82306,21876,01680,68040,14825,90592,26879,31605,75243,59876,9912,4441,2052,6553,600,83
PhuYen,2019/05/13,075434,81381,78348,36575,96680,48615,99205,35176,15250,29466,53432,59497,0983,2456,4868,6907,396,14
PhuYen,2019/05/06,906661,44381,04017,06882,70251,85243,30445,14575,68298,23173,31297,54742,6817,7216,9637,0903,545,98
PhuYen,2019/04/29,219617,17154,87711,27631,70983,57393,53004,13102,28300,59136,53596,39178,3451,5649,0966,5019,735,91
PhuYen,2019/04/22,389672,07915,83994,73633,31209,31383,03086,10210,70330,80945,43095,52094,1669,2411,1191,0169,484,42
PhuYen,2019/04/08,491921,94063,30009,44622,97108,05769,07167,38034,29736,98141,42819,05476,4931,0246,1308,3477,009,96
PhuYen,2019/04/01,158150,55664,23099,54749,46159,11792,24834,31847,45429,42637,08753,18805,1182,2867,1555,4997,249,10
PhuYen,2019/03/25,894614,66282,68924,72495,34566,54916,44290,91518,91176,51213,05330,76378,5975,9721,7638,4999,409,13
PhuYen,2019/03/18,291738,25468,22282,79536,67723,28244,08208,18232,84276,40382,88064,94401,7148,1527,1399,0551,374,21
PhuYen,2019/03/11,591499,46028,01757,39194,63259,21247,00477,27611,88920,94799,46228,15127,9143,6002,8239,9915,159,73
PhuYen,2019/03/04,551931,15706,78994,23011,21659,82997,69146,08158,77941,66472,27884,80476,8502,4542,3434,4432,216,94
PhuYen,2019/02/25,703904,99052,49803,13982,32045,01659,87907,69141,89741,00997,24356,11733,2151,0424,4220,7828,949,30
PhuYen,2019/02/18,560669,23736,44915,96417,40992,60139,84995,04917,90382,58374,64046,44265,9403,5682,2179,6233,634,03
PhuYen,2019/02/11,120655,07691,93048,70979,46730,05855,29996,24437,98915,35772,64741,42527,1912,2838,4102,2585,812,33
PhuYen,2019/02/04,705153,22566,24514,02185,28404,24890,95564,89105,96946,15697,70399,50300,7854,8537,4260,6536,381,11
PhuYen,2019/01/28,262598,84080,42391,13883,30724,77798,74602,71143,96615,99040,96800,59887,5710,1878,5065,5651,266,07
PhuYen,2019/01/21,773108,95038,73219,10304,95842,53945,43672,18600,77378,02107,84477,75978,2525,5087,0379,3685,457,24
PhuYen,2019/01/14,528350,86231,01593,40084,44599,36120,13401,67761,94603,89207,23478,21684,5598,5756,5061,5641,240,19
PhuYen,2019/01/07,602237,95559,86061,72982,37496,20795,81948,42148,64458,50249,86710,12927,8260,4566,7868,9604,638,17
PhuYen,2018/12/31,483693,93850,51108,35554,59080,75310,75061,53977,86058,64117,29614,40970,5660,7286,8580,5304,926,85
PhuYen,2018/12/24,589952,13210,04180,44984,73270,24047,23293,20110,94231,22437,14760,96730,2900,4663,5261,2104,620,23
PhuYen,2018/12/17,794939,42789,21951,07195,70039,64278,70283,15486,88325,55308,84800,49598,4740,9067,6934,8594,852,94
PhuYen,2018/12/10,266974,18426,82324,18357,13293,28334,05710,94706,71176,13073,00692,07614,0963,7546,1564,3935,322,92
PhuYen,2018/11/26,120411,43588,69297,47451,64704,89661,43005,12570,07614,61466,42955,16660,4049,4022,1208,1069,223,05
PhuYen,2018/11/12,349096,81714,22867,22416,54956,35220,81757,54023,45414,10343,51530,35559,8387,7159,6647,4685,101,85
PhuYen,2018/11/05,596796,92836,98846,59729,75371,22153,26601,79393,57239,68298,15676,27157,3205,0789,1051,4890,409,91
PhuYen,2018/10/29,133368,03414,57631,06638,47921,44138,74519,03708,84810,27454,06752,99869,1338,5804,0436,1672,607,48
PhuYen,2018/10/22,051542,04849,65738,01508,83620,85473,93303,24567,11670,90491,51302,87020,9201,4005,5022,6368,919,92
PhuYen,2018/10/15,469241,10374,68351,29920,10927,11085,82838,51262,34952,22959,03468,92888,8498,1804,6989,4119,068,88
PhuYen,2018/10/08,601539,53748,59022,75672,22189,86228,17919,75512,78363,35679,49807,88147,0350,3627,9594,2968,150,92
PhuYen,2018/09/24,086404,49841,06896,92758,06456,40567,12866,05829,98731,29543,53685,11999,7233,4474,5811,1201,313,99
PhuYen,2018/09/17,755052,93865,87930,06278,44171,98671,62279,73005,03050,10829,79468,99515,5811,4734,0987,7341,731,42
PhuYen,2018/09/10,070681,74347,81830,66349,94888,49502,63971,26175,73515,25971,36321,96762,1958,4305,7614,8905,787,64
PhuYen,2018/09/03,347938,27181,56422,87016,84376,63405,70985,06058,78411,78076,10246,48663,2729,8643,8468,5751,512,87
PhuYen,2018/08/27,357965,72116,93526,64661,08168,89662,60785,46930,91915,79934,24179,10027,3977,1524,8361,0036,073,73
PhuYen,2018/08/20,207209,27205,86378,78158,18041,94587,56679,22987,34266,19595,30988,99297,6212,7217,0666,3243,660,11
PhuYen,2018/08/13,273318,31017,67674,94781,11148,09903,60854,35362,27523,66386,23740,12361,3039,2964,3577,9123,689,26
PhuYen,2018/08/06,405541,58163,81946,00133,24291,95970,46112,47874,62842,82222,48238,74302,7791,8696,3527,7414,847,81
PhuYen,2018/07/30,406822,46450,93169,27435,78695,55555,37539,99626,93176,97466,93771,06840,0785,4871,2213,0401,508,60
PhuYen,2018/07/23,273097,41947,37919,88564,65317,07412,28606,83441,93191,55979,58518,33352,9967,0998,7725,8817,142,41
PhuYen,2018/07/16,280360,01080,82693,44878,23620,43604,53052,98377,79434,69897,70787,95942,2151,1279,0587,6542,492,01
PhuYen,2018/07/02,255140,22013,00745,78532,73026,91928,23265,23217,24581,98803,34552,95258,4242,4090,6097,4717,069,60
PhuYen,2018/06/25,874526,71507,91444,12176,37274,59576,03101,74475,22471,32801,47646,19301,8931,6840,2531,4027,504,29
PhuYen,2018/06/19,554472,26488,85295,90492,64891,21093,21316,96322,41063,08015,92373,97030,0425,5509,0413,0188,208,10
PhuYen,2018/06/11,724086,80861,89499,30144,78696,85954,37524,96819,13064,53224,24829,87195,0882,6785,6107,4714,706,89
PhuYen,2018/06/04,055790,85164,51355,77108,08847,80488,36133,24324,72929,67480,03772,48473,3628,0686,6749,4650,997,81
PhuYen,2018/05/28,862143,02203,40072,97271,63461,48008,89733,60087,58729,65368,20528,97178,2305,5097,0944,1833,025,15
PhuYen,2018/05/21,403476,92733,77121,01265,68160,23486,82295,71090,69043,11647,20126,25158,8162,6289,7387,8022,342,74
PhuYen,2018/05/14,231845,07835,35305,78427,28837,14997,10465,81746,05743,16323,78533,23257,1244,0257,1394,0624,735,14
PhuYen,2018/05/07,223393,85505,54716,59715,83782,92457,88491,93464,41254,56861,03089,81685,1008,9790,4893,2242,699,36
PhuYen,2018/04/30,988188,68335,26210,24728,05540,93549,33471,84181,87992,50319,98188,81296,8211,0172,5352,8188,953,66
PhuYen,2018/04/23,888607,32237,12784,01778,20140,75047,14182,70474,29528,13469,37401,75603,9781,7494,8671,1072,007,27
PhuYen,2018/04/16,711303,24648,93422,85598,27347,49740,36049,32687,65187,53797,05433,25675,4077,3948,0889,7997,024,24
PhuYen,2018/04/09,262641,22838,76392,41131,35138,59572,05978,43706,43314,00919,50976,55951,1064,7014,5303,9313,898,85
PhuYen,2018/04/02,952938,15433,65120,88131,53302,32437,31006,15106,19382,30040,75888,49004,9731,5256,5344,3421,699,96
PhuYen,2018/03/26,447294,32717,49616,31017,89650,58089,63526,50762,96914,64974,11613,65863,3031,5583,5877,0680,153,77
PhuYen,2018/03/19,579483,68391,24567,55289,37300,29250,50767,11327,14244,15888,27265,19658,8337,3371,1851,6733,082,71
PhuYen,2018/03/12,096438,53905,38354,59033,78839,73012,96218,84947,15765,71094,01154,27830,2185,8557,6159,2290,960,41
PhuYen,2018/03/05,735244,65048,91908,74820,10559,04519,88880,48705,97404,57235,82929,16482,1987,2335,9831,4535,152,48
PhuYen,2018/02/26,318937,88029,26464,99031,48794,52024,95090,85162,93927,52834,81563,13084,2865,8376,9115,6304,907,69
PhuYen,2018/02/19,564934,05750,14576,37680,04407,16632,12428,34037,17432,73548,03591,39511,3779,3724,8244,9067,212,86
PhuYen,2018/02/12,264621,89462,33086,34800,40931,43635,93027,53891,35394,88135,33653,20871,4526,3784,0334,2071,115,74
PhuYen,2018/02/05,603990,78565,79684,23095,66211,30612,31951,90438,25976,71215,18881,72759,5260,0686,3256,6388,626,04
PhuYen,2018/01/29,624921,01412,90593,02286,53607,28049,94856,82237,41078,17712,88860,01492,4269,7065,1706,4026,729,00
PhuYen,2018/01/22,087310,59651,93625,19183,06751,29625,10375,53095,38546,24215,72238,35556,4386,7557,3812,3055,734,45
PhuYen,2018/01/15,626982,65885,68378,83263,97213,55632,11086,14493,61422,03707,09521,24706,9920,0480,4701,0469,815,50
PhuYen,2018/01/08,045874,46196,94220,40765,44784,69773,72619,64941,98459,87346,43919,21660,5216,1224,5963,5345,838,33
PhuYen,2018/01/01,652817,92986,05337,80434,25638,28968,58572,19221,95078,72848,50275,64498,5001,0786,9993,4525,743,21
PhuYen,2017/12/25,155614,40097,94538,75329,84680,70510,77109,30810,51113,57994,77506,34838,0772,1878,1440,1976,864,10
PhuYen,2017/12/18,713215,25184,11665,36550,16493,64086,01120,38139,83423,58935,31407,49567,2812,5216,2744,7106,976,81
PhuYen,2017/12/11,066946,95441,00709,46075,22013,51016,09098,88311,04595,02726,84535,92774,6173,3139,5825,3896,484,91
PhuYen,2017/12/04,300254,08451,78203,92025,61620,78053,88312,32554,28625,32430,16409,69863,5021,7457,8177,8367,326,19
PhuYen,2017/11/27,769941,77727,31229,19192,51411,17568,18678,10377,25812,31901,34199,88631,3338,4891,1337,2778,226,78
PhuYen,2017/11/20,589977,98983,70596,47538,76086,23673,62986,65632,03501,10428,04784,46157,2583,8973,6240,0800,966,92
PhuYen,2017/11/13,239252,88344,53089,07985,99548,28760,97264,05012,83173,75928,88199,25559,0686,0457,0945,3003,371,13
PhuYen,2017/11/06,232160,99841,90430,60150,93724,65384,53433,82638,44589,72986,16251,52128,7417,8204,5235,9842,983,36
PhuYen,2017/10/30,677129,10483,29912,42103,60063,67473,35391,56402,43564,73602,30003,15438,0179,6124,0585,8380,466,44
PhuYen,2017/10/23,626973,11443,13745,48419,81850,45266,08177,15856,56243,87504,02240,47939,8399,8077,5606,3418,810,88
PhuYen,2017/10/16,571159,93716,62510,35002,87839,82761,44907,60117,31686,02797,98811,38513,7271,3192,0211,1013,551,03
PhuYen,2017/10/09,056636,84762,26104,87532,44152,36166,00096,14112,08022,51849,00587,72776,5428,3644,7758,9297,743,93
PhuYen,2017/10/02,437936,28282,71776,25628,12118,83313,58028,11818,63554,46061,07786,10570,3085,3647,2687,1492,673,86
PhuYen,2017/09/25,095647,89934,59677,15608,41183,56808,07992,14237,94570,12841,12252,52773,8477,5929,6382,1089,881,90
PhuYen,2017/09/18,591977,57346,73164,92697,52492,49459,28861,58428,65138,61169,17204,78947,9344,0739,2903,9498,516,96
PhuYen,2017/09/11,599777,17084,10034,74198,83412,57857,80942,59108,10044,04389,48270,83409,0039,3378,8925,8357,629,71
PhuYen,2017/09/04,119359,11849,61621,46075,74393,74221,33863,55868,38995,64555,86453,42009,7981,4574,7317,7519,173,68
PhuYen,2017/08/28,542739,40692,37349,83360,28346,97724,68383,83585,69360,79281,44840,44780,3179,5297,0220,9219,432,21
PhuYen,2017/08/21,887664,79047,46456,30549,03807,36156,98356,38038,63113,60116,34566,38785,9210,6732,3259,5550,390,95
PhuYen,2017/08/14,626239,53265,09118,34406,48576,07368,87885,14700,28108,52908,24503,74648,2597,2370,4249,0060,508,50
PhuYen,2017/08/07,857317,23942,27386,88610,42813,92248,82904,17038,90841,83490,45537,59200,9363,8110,4039,9289,582,89
PhuYen,2017/07/31,722735,99358,54316,56767,35049,90518,09736,43596,34530,34358,53271,64974,4681,8021,5653,0863,756,01
PhuYen,2017/07/24,956653,98900,00234,63448,53650,62638,12921,51292,96053,25055,93711,55215,8346,8365,3276,4184,696,65
PhuYen,2017/07/17,534508,25192,46022,54661,75669,45860,15437,13431,58162,85360,74366,76440,9660,1973,8595,0204,497,39
PhuYen,2017/07/10,963487,09840,82340,88852,87971,72281,64576,48757,37938,52270,39087,09890,6993,3253,4444,1487,888,18
PhuYen,2017/07/03,354581,55289,58869,94455,95260,19943,89048,66551,48548,24464,87798,54798,3304,6224,6354,9137,998,30
PhuYen,2017/06/26,470129,01440,97779,45733,52383,42946,93349,14898,01143,68030,34896,31957,4651,6729,2681,7580,829,68
PhuYen,2017/06/19,719790,36177,28500,83918,38492,57646,94734,96113,92298,63537,08352,67308,3815,2770,6624,2673,464,66
PhuYen,2017/06/12,769569,19215,96650,12102,44825,74587,36282,73064,05422,04676,16084,13470,6263,5996,0328,0610,005,37
PhuYen,2017/06/05,592253,66871,16993,07578,13642,36122,97892,55111,08375,83466,37810,65043,9333,7666,1563,1389,993,54
PhuYen,2017/05/29,345374,76609,76002,71799,56830,74803,66743,04705,69265,43631,32239,95596,6341,6215,3249,0997,712,10
PhuYen,2017/05/22,723824,41720,28135,69462,86877,88060,18176,87748,34598,65269,29531,87638,5825,0846,1155,8999,442,41
PhuYen,2017/05/15,130391,38186,46747,72612,05384,72198,35217,66498,01387,67123,47309,11056,8050,1886,0726,4726,593,50
PhuYen,2017/05/08,546619,72249,05664,59304,43716,69862,10761,25205,78456,81201,68287,83416,6140,3395,5904,4689,482,85
PhuYen,2017/05/01,337458,04313,98798,62877,55859,31983,34274,09204,88073,97732,78457,72212,2192,6829,1058,5896,838,64
PhuYen,2017/04/24,871216,05561,40506,39105,02499,59010,44292,18699,56882,70999,92994,37745,5013,2856,9545,3283,770,55
PhuYen,2017/04/17,182714,47079,61499,14584,59374,56915,36128,90519,02947,74073,84479,48615,0294,4402,2837,7758,493,41
PhuYen,2017/04/10,766740,37668,36594,85592,05339,42848,65331,71170,67519,96411,25499,68930,3953,0392,7610,7789,985,36
PhuYen,2017/04/03,085314,77889,81692,21590,70009,64108,01432,67147,65754,11925,92443,72370,9023,7955,1092,0552,757,85
PhuYen,2017/03/27,43531,13613,09495,40616,05398,83416,81760,36042,58018,82375,07571,45604,7030,5414,1617,8614,343,97
PhuYen,2017/03/20,36487,45569,76615,20170,55444,60412,38714,09527,69217,83533,47649,95627,8139,3991,8969,4321,583,79
PhuYen,2017/03/13,19179,63725,89355,70411,59970,52024,25673,61927,78764,80512,76556,43579,4564,4982,5815,2483,476,39
PhuYen,2017/02/27,83683,96340,69229,46508,74093,66930,60265,88532,56666,14879,57517,34271,8512,1243,0100,1699,296,61
PhuYen,2017/02/20,93460,55765,23646,40342,10209,20889,11701,21710,35309,93692,18450,44330,7705,9358,1691,3791,794,28
PhuYen,2017/02/13,61311,32487,75044,55205,77657,16697,86604,23467,20904,35478,62003,10091,0866,1310,1033,5946,231,10
PhuYen,2017/02/06,40470,65041,82615,55632,72997,61274,99062,74394,86637,96464,74676,97789,1238,4317,4586,3155,952,27
PhuYen,2017/01/30,90178,59919,20815,35872,78958,64669,23831,17958,56773,23769,70157,68435,8856,2199,6193,3296,257,41
PhuYen,2017/01/23,06976,81733,58940,87196,59174,71682,40384,27219,45433,65933,69238,88710,8756,1154,4672,6837,907,58
PhuYen,2017/01/16,22185,60060,07029,38120,64335,99450,28405,52777,04160,08454,91511,61594,8826,7559,2687,7904,425,18
PhuYen,2017/01/09,30818,42017,92586,68803,05737,58998,10940,26710,35177,39904,33609,32172,0685,3915,3947,0179,825,30
PhuYen,2017/01/02,15741,66371,20591,16679,15793,49849,51448,37098,37100,65618,12486,59944,2499,0753,1373,7234,090,44
PhuYen,2016/12/26,19006,23576,79192,74810,10815,45482,22952,92331,97464,24671,30977,64872,8442,4935,7773,8967,281,85
PhuYen,2016/12/19,93368,77285,35677,08342,87027,38610,18375,32111,54252,41550,75269,99665,4502,9264,0428,3239,686,02
PhuYen,2016/12/12,18807,86744,14106,39074,44046,32717,28716,96520,37312,04225,12303,91982,8442,1448,7560,6762,677,04
PhuYen,2016/12/05,93000,84429,49748,45490,87000,12417,38389,61266,23661,66025,82765,36036,2218,7495,2917,4342,161,54
PhuYen,2016/11/28,51626,58750,70631,40150,53909,46866,34497,98791,91676,40496,44313,50386,4975,3280,4348,8842,445,14
PhuYen,2016/11/21,57651,52512,00748,31901,86114,28331,78944,77404,66003,09677,60083,68247,9523,1447,2366,5614,793,28
PhuYen,2016/11/14,82122,41628,13411,29047,81259,38335,93909,68100,87749,87240,72710,02709,6632,9009,7224,8878,724,35
PhuYen,2016/11/07,11715,17032,73453,09816,93998,85807,11656,97426,38176,44392,29867,46525,2280,9780,7957,8219,647,66
PhuYen,2016/10/31,78640,65026,68927,10082,87885,50508,80901,23339,84877,37215,62371,59420,6464,4662,2572,9903,106,28
PhuYen,2016/10/24,06200,60958,65903,53398,72602,16374,70910,19558,12855,94510,72842,22158,9032,5301,8630,2904,902,44
PhuYen,2016/10/17,81227,64526,15161,27561,97364,30512,78759,73713,13208,13317,99071,53494,1879,1572,6316,9372,213,01
PhuYen,2016/10/10,86308,40166,30261,26678,61575,53363,85585,49617,58907,83416,91051,21203,2042,5927,8644,5727,754,42
PhuYen,2016/10/03,29533,99390,86609,90487,48885,56046,82624,30797,47876,78701,84373,59856,2067,4100,1516,8737,837,84
PhuYen,2016/09/26,42576,15150,26591,60644,20299,56825,45170,12848,87688,25667,20512,08506,6892,9739,7318,3896,505,66
PhuYen,2016/09/19,38806,27712,76776,01573,26832,47468,65475,91539,74470,24108,22138,99790,8344,1059,2637,9641,288,63
PhuYen,2016/09/12,58623,55918,52230,59872,91586,81672,31199,12946,75852,11482,10925,73600,9510,6080,5876,5996,770,75
PhuYen,2016/09/05,98561,51608,58981,06652,12904,30587,96482,29685,62315,47034,25258,68022,8350,6162,6914,6400,800,96
PhuYen,2016/08/29,39259,50887,84620,24552,90112,92045,66354,70978,99160,36084,41092,98960,8569,8263,2685,2474,556,31
PhuYen,2016/08/22,04940,00650,74067,42358,19385,05737,18680,70364,42605,72365,84387,23958,2230,7997,0230,5845,333,92
PhuYen,2016/08/15,41231,41022,54480,34530,36990,67141,40477,92916,83497,70853,77614,83527,0052,7891,9940,6508,366,07
PhuYen,2016/08/08,90681,19212,75596,82320,95496,95278,70309,13599,41820,89184,35617,06535,4031,7718,9770,2803,289,57
PhuYen,2016/08/01,26973,87566,73654,28842,37304,95745,11938,27768,10445,81580,98053,61221,9528,3157,0458,5692,511,98
PhuYen,2016/07/25,21556,78686,29530,17110,78140,75233,55333,98378,54788,04673,04344,33182,3967,9748,2811,0324,109,90
PhuYen,2016/07/18,66259,86042,27455,58652,00780,82610,98244,79969,55539,46948,41791,66046,4505,2287,2803,3599,121,21
PhuYen,2016/07/11,54197,85003,39278,36494,48122,86146,84924,43259,73550,74317,22842,85060,1620,1578,4989,3110,812,26
PhuYen,2016/07/04,80614,26622,62184,49238,91394,40560,75340,44136,21895,54712,92999,31440,7749,9984,3175,6287,287,72
PhuYen,2016/06/27,68493,40495,12484,21344,14770,20913,21259,10684,25773,36320,71595,57594,2538,5298,0999,3391,727,87
PhuYen,2016/06/20,41640,11122,23681,39109,98249,49747,06813,09562,71613,06438,93739,99893,0652,6555,6927,9166,887,89
PhuYen,2016/06/13,89038,05010,31144,77337,40393,62076,52223,13742,45534,46462,34150,93697,7857,4313,3879,0242,247,33
PhuYen,2016/06/06,02941,01079,10418,75465,79794,30770,04585,03223,08457,71251,87840,16907,1828,2784,2920,6532,963,16
PhuYen,2016/05/30,66680,03472,69435,49470,65627,57383,27139,55034,33782,33708,48724,58459,6482,6135,6406,8052,865,71
PhuYen,2016/05/23,38189,30332,02529,00200,75917,32652,75380,61316,15052,23805,97858,21263,2646,8666,9305,0664,976,99
PhuYen,2016/05/16,94534,90763,65489,97131,39235,85457,58977,32329,78927,80881,11540,15563,6787,7257,0998,0092,661,77
PhuYen,2016/05/09,69830,98389,48565,90576,05306,80121,97864,74413,62690,46866,04054,09382,0238,3616,4567,8337,031,01
PhuYen,2016/05/02,82710,80234,40782,22654,27853,25914,99976,18657,78384,71356,54142,33711,1779,9751,5899,9571,958,06
PhuYen,2016/04/25,15764,26299,66717,24600,35823,99061,12349,42015,51154,15667,02054,75690,3799,2226,6940,9578,094,27
PhuYen,2016/04/18,69174,82805,31661,74783,12710,17564,67654,01783,69060,96494,33572,47317,0389,7601,6109,3426,715,45
PhuYen,2016/04/11,41309,01067,83622,29347,86262,51963,58251,28541,88442,70911,68098,87149,1160,7275,1793,9609,811,71
PhuYen,2016/04/04,62307,23730,41815,62603,36113,09479,25354,07357,28406,58023,70564,95664,1289,2840,4535,6999,377,96
PhuYen,2016/03/28,156091,06473,07835,15187,87231,90322,44374,54807,96802,36042,20269,87348,2682,0348,8701,5429,164,94
PhuYen,2016/03/21,834562,43129,47341,14743,28242,07652,10768,07972,61276,94539,73255,21286,2128,3974,8443,7508,867,79
PhuYen,2016/03/14,551269,87707,31325,18328,36248,59534,28956,22804,73840,86825,77737,10312,0275,0782,7169,2147,806,12
PhuYen,2016/03/07,799866,10668,64377,42343,07977,84794,24576,17788,08828,16484,70119,72489,2119,5934,4463,3486,355,84
PhuYen,2016/02/29,836189,33490,80974,22226,77517,92596,34464,71288,45799,13196,84721,07923,6604,8915,9682,6481,035,92
PhuYen,2016/02/22,727792,12534,72783,00839,29998,80048,86695,13814,97352,47778,21958,05047,8484,5731,2655,6812,588,08
PhuYen,2016/02/15,188460,80863,07361,26063,38414,00813,40086,08331,96622,20957,40414,92784,5359,2752,0163,9694,015,56
PhuYen,2016/02/08,248533,27888,49783,75505,31564,55225,46431,27494,54963,98733,90841,35601,9473,6166,3478,6700,285,78
PhuYen,2016/02/01,140826,28414,17045,91929,58004,17374,93926,50914,98503,28461,03032,71879,3793,5576,0528,5206,109,15
PhuYen,2016/01/25,863273,08529,26695,87427,43387,31294,97302,07953,23019,48014,57830,16834,1896,3554,5994,2013,181,58
PhuYen,2016/01/18,054368,29153,45566,57812,95934,05135,81580,71246,03805,84457,78578,04072,1069,3437,9257,8901,655,35
PhuYen,2016/01/11,182988,75337,43814,16506,51291,91205,50346,41788,10671,68596,05847,41985,0117,6453,7062,7261,817,41
PhuYen,2016/01/04,910585,28539,52676,74316,30484,35469,36734,52885,10633,10829,24695,59776,9581,2990,0139,3758,734,01
PhuYen,2015/12/28,632805,93627,36721,10179,95294,10892,68558,87751,88255,65222,99797,31446,4458,0009,8152,4422,810,53
PhuYen,2015/12/21,735861,03338,49499,66496,95403,96989,10121,32954,09807,79559,58928,47253,9755,5304,3662,7202,651,65
PhuYen,2015/12/14,670509,92652,93778,24478,58986,50728,06661,59185,48676,04864,19944,25445,8922,6046,7120,0018,214,72
PhuYen,2015/12/07,354939,95097,53331,45290,57462,80815,09558,15443,44339,87240,73596,05724,4322,2065,9102,0696,532,46
PhuYen,2015/11/30,417003,91024,09852,15589,21250,56472,96776,11321,99856,53811,39717,81309,7991,3094,0437,5709,365,58
PhuYen,2015/11/23,088814,32839,90225,44229,07477,75524,91599,11856,88657,55823,63812,83421,1029,4610,8686,1493,104,73
PhuYen,2015/11/16,390999,20389,50175,07573,75862,24530,94344,30992,00739,76150,26573,14321,1818,4019,3193,2435,008,74
PhuYen,2015/11/09,548936,79362,15595,54729,38017,36445,71602,65711,36120,16288,97118,59761,5688,4548,3886,2886,712,84
PhuYen,2015/11/02,48805,39206,46361,88401,27034,69848,93739,78021,64973,02308,23383,71973,4795,6673,8157,8199,629,22
PhuYen,2015/10/26,22305,64947,61391,09554,11527,36646,88566,72079,18558,63672,33421,19202,2287,6432,3743,3463,860,46
PhuYen,2015/10/19,77026,77218,41038,61215,31007,24764,07331,23665,63723,76238,97541,55721,4099,8346,7754,4702,896,21
PhuYen,2015/10/12,69444,94191,81403,50455,47635,48322,97060,58081,69119,73709,92647,70393,4472,4050,6252,5286,067,02
PhuYen,2015/10/05,44855,24069,45873,15811,69392,05220,98608,03021,30204,68927,85777,11048,5737,0135,4267,2908,108,05
PhuYen,2015/09/28,87619,28056,94784,89643,63422,08993,76713,10219,46098,49312,65200,83711,9319,5879,7220,2841,209,96
PhuYen,2015/09/21,85659,36231,22092,69878,89076,87572,23352,48658,61959,03468,11034,41039,3482,2061,2178,0276,880,55
PhuYen,2015/09/14,01783,55209,55679,63424,96553,17245,87912,40417,02376,22689,38230,93204,8489,4614,7486,8530,683,70
PhuYen,2015/09/07,60180,38241,62081,59601,19010,02643,35606,74911,31301,13827,42085,27665,0111,1025,0386,9972,697,59
PhuYen,2015/08/31,54552,20443,89693,42489,09678,77514,20588,81636,10684,59829,52264,83396,2161,8775,4852,9040,684,07
PhuYen,2015/08/24,94977,45411,46256,26593,15948,46227,19083,14029,30750,32164,80852,85499,7676,8591,5352,8426,851,93
PhuYen,2015/08/17,77499,98200,97541,56603,75332,56260,50673,37146,99839,12317,25977,95849,8153,6249,4151,9570,413,97
PhuYen,2015/08/10,48992,15821,36495,64877,15390,68560,35308,35965,54460,14338,46200,15203,2322,0444,6687,3205,915,70
PhuYen,2015/08/03,12736,37326,21079,71132,57023,86840,38281,79392,74214,01299,91518,49612,7657,3893,2499,4590,066,06
PhuYen,2015/07/27,90312,43324,95381,96042,17546,10708,14058,53555,42029,16981,79868,18414,6177,6100,6851,2537,607,77
PhuYen,2015/07/20,78801,33529,06832,39057,25021,88460,85746,98339,26511,16277,79799,81913,6614,8637,5305,9158,271,19
PhuYen,2015/07/13,19389,78389,04682,72226,33430,96908,74158,93457,42433,06934,49735,55756,6920,0575,1059,2799,289,94
PhuYen,2015/07/06,93403,28108,56354,05928,20686,81529,81670,78418,94783,94088,21658,07796,7299,3259,5856,7313,810,22
PhuYen,2015/06/29,10490,43459,84804,54148,43854,95030,65236,90232,95152,49507,45744,02617,9045,6631,4124,9695,544,67
PhuYen,2015/06/22,67185,00053,42621,81036,47446,90220,66692,43353,22745,51136,61921,89947,6018,9789,3742,1598,337,96
PhuYen,2015/06/15,39775,45565,89928,57617,83684,53981,74259,91284,88534,21837,34291,41364,2617,7790,9731,7564,285,73
PhuYen,2015/06/08,60394,48419,74869,84908,09058,21022,73257,74927,39254,15532,20612,86730,2926,2680,9665,0636,098,41
PhuYen,2015/06/01,09942,05122,83173,62017,96968,06504,87275,95100,35771,53990,54794,31124,5069,2534,3169,4160,816,48
PhuYen,2015/05/25,39594,61671,86922,33771,08349,88503,93289,55919,68361,99778,05368,57524,6536,6728,8877,5070,737,04
PhuYen,2015/05/18,98838,46709,50331,39268,89468,52650,79408,36759,22587,51098,23544,18790,7896,9539,6337,4205,743,99
PhuYen,2015/05/11,07592,85799,09142,87729,92982,91477,72862,44295,37689,78925,90074,22447,4009,3666,3634,4840,489,19
PhuYen,2015/05/04,71758,72842,89941,93033,22983,75346,13053,09332,92457,72076,64607,48288,2591,3243,2243,6160,369,57
PhuYen,2015/04/27,46502,56385,86383,19382,86124,14970,11018,18840,84296,25223,36529,94786,4973,7463,3608,7881,370,56
PhuYen,2015/04/20,61767,97276,86371,04849,35938,29431,31924,77952,38323,77606,95995,39025,1921,5776,2816,5896,705,29
PhuYen,2015/04/13,12156,41749,41472,81644,44424,92678,25103,56638,67096,17236,55571,52206,2066,4582,9792,8717,869,59
PhuYen,2015/04/06,55601,22838,49210,80107,01474,60834,26671,21357,05355,33915,35567,51880,3867,4613,4699,4435,376,45
PhuYen,2015/03/30,24552,69559,99281,59232,12638,34204,27059,03398,33069,73756,73546,14364,8223,3999,8726,4909,155,07
PhuYen,2015/03/23,85762,81356,28923,68126,07017,92450,25030,89981,47248,79541,23594,30067,5189,0080,2092,3052,523,65
PhuYen,2015/03/16,34162,19876,66742,69178,16286,64788,93886,70237,65089,15138,45258,27112,0228,9536,9682,2192,561,83
PhuYen,2015/03/09,97910,98017,43855,85817,14545,70318,40701,69926,28012,39182,54293,70045,8525,7998,2599,9306,462,29
PhuYen,2015/03/02,22958,24328,05322,15254,87839,86841,35705,36873,44305,88240,53129,34169,3234,5738,9095,7435,648,12
PhuYen,2015/02/23,49357,46215,65240,78780,05798,91960,85886,38232,75666,88586,67733,98778,2757,1608,0983,0911,804,39
PhuYen,2015/02/16,29194,79291,28364,61363,87054,87865,48603,03181,57796,43472,95953,23545,8891,2791,0992,9073,937,72
PhuYen,2015/02/09,92145,00661,74884,43394,04264,97784,89343,97431,29871,19805,02160,16192,6513,0376,6129,9593,160,81
PhuYen,2015/02/02,63135,77460,81657,44365,13550,47980,92430,77463,23180,09953,65931,76481,8396,0812,2992,4122,546,90
PhuYen,2015/01/26,85728,51718,07049,30942,67726,97902,36976,65441,12925,53708,44209,20520,1280,0271,6428,4695,725,26
PhuYen,2015/01/19,63990,06342,48203,52250,71751,11631,38021,07141,51905,20811,76170,53674,6365,2140,0283,1003,855,18
PhuYen,2015/01/12,21380,68887,62251,21124,70659,90599,08803,26124,66890,36967,18683,91501,2346,9106,6778,7685,697,80
PhuYen,2015/01/05,80331,54012,06208,99957,22332,95595,80814,34090,42568,64576,50358,86052,6543,0928,8939,7366,835,71
PhuYen,2014/12/29,24439,16040,61628,09940,15898,13138,05705,80145,77350,94747,29568,98380,2678,2221,5310,7533,866,34
PhuYen,2014/12/22,08293,55634,24914,86597,36780,13932,03765,83733,47797,61364,13078,38382,2285,2552,7616,0896,834,92
PhuYen,2014/12/15,09140,80592,77267,87324,25170,18860,35701,95995,02726,25933,18593,39964,0576,9552,0739,3125,898,04
PhuYen,2014/12/08,07418,33424,06984,03447,50454,67435,09658,96480,65460,55515,43449,19046,1788,4626,5313,2711,679,74
PhuYen,2014/12/01,82583,04396,78787,14237,57843,26355,58833,70630,46582,71629,93902,25704,8542,7653,0353,0627,330,12
PhuYen,2014/11/24,37168,53315,85982,18387,09880,83885,26162,99950,86466,64710,49885,87561,3356,2864,6307,4887,037,70
PhuYen,2014/11/17,67461,40696,05498,45940,02409,74823,10792,42840,53403,87148,91790,71135,1530,1392,0058,1570,818,43
PhuYen,2014/11/10,89783,54050,61662,07327,22378,15515,33543,71519,58990,81713,27702,60406,5920,7334,1160,0710,633,60
PhuYen,2014/11/03,71154,62886,09303,10713,79558,19070,77796,20472,07132,49104,58338,37633,6582,8760,1097,5368,440,69
PhuYen,2014/10/27,00487,88276,47912,85838,31014,19929,23368,30609,57242,00708,55149,87642,2867,8889,8342,4976,613,12
PhuYen,2014/10/20,19657,55198,88270,72695,24307,11707,47164,11323,10619,62315,51233,13295,8438,9230,9795,7060,452,05
PhuYen,2014/10/13,63078,83148,40907,14334,36827,65863,80205,35876,25049,39618,41594,22575,3407,7685,0956,9759,792,27
PhuYen,2014/10/06,79928,66303,15440,82666,22875,03251,26352,19615,82991,11296,66886,74471,2304,9304,6703,3451,416,16
PhuYen,2014/09/29,28565,37959,35300,17053,36118,18573,00558,82175,79381,28409,03633,51518,5204,3827,8950,0054,131,11
PhuYen,2014/09/22,81780,21755,38200,54660,33825,15876,12469,29325,60850,45023,26891,74232,9375,8134,5585,3383,579,36
PhuYen,2014/09/15,35691,26764,56437,22703,04551,35739,71581,90328,67082,74770,63070,58747,9660,3709,6390,8914,628,05
PhuYen,2014/09/08,65100,11180,35593,53282,45597,13796,58001,66018,62724,27956,17590,13687,6873,4930,3335,3188,871,41
PhuYen,2014/09/01,28801,60004,53925,84986,65840,61313,78351,84755,80060,59886,29929,41035,0148,8255,7738,1909,422,09
PhuYen,2014/08/25,37749,33934,92805,58584,40646,07093,96234,85144,33604,33451,25490,94637,6421,6391,3225,2318,664,54
PhuYen,2014/08/18,21998,47504,71834,52221,82497,60621,82202,28481,02229,11938,23486,87395,7274,3355,0775,7807,438,62
PhuYen,2014/08/11,17152,36422,41278,12517,27978,40248,81880,15569,10741,42567,25391,59841,8547,6362,9472,1004,170,77
PhuYen,2014/08/04,90057,38340,78824,72332,91270,76024,24772,57515,31848,45814,32722,12302,8630,4436,2735,2560,108,70
PhuYen,2014/07/28,61736,59740,59942,83116,62129,63489,19468,68768,95135,18700,73762,82522,3575,2366,6513,2595,194,08
PhuYen,2014/07/21,14516,98119,50877,91833,28314,96164,73067,06055,27587,40353,31604,43014,3221,9101,8495,4481,863,54
PhuYen,2014/07/14,13327,21210,94696,49773,89322,77178,57109,17347,16692,61774,47123,03599,2823,5167,8684,0659,293,71
PhuYen,2014/07/07,41813,01357,98115,85111,74163,40310,63082,35693,88785,52241,34434,72917,5570,3568,3104,1425,380,22
PhuYen,2014/06/30,84347,15632,38676,40830,26740,48474,31613,56777,96215,86311,67730,63335,7476,1418,6222,6796,495,00
PhuYen,2014/06/23,99329,85413,91849,32613,41032,34028,09923,96661,87928,46388,68114,37934,2673,7555,0786,2062,943,33
PhuYen,2014/06/16,14492,11503,24101,48065,51332,44319,83285,88680,15605,84455,60539,84118,7183,2212,0395,0813,067,17
PhuYen,2014/06/09,46598,77969,55067,65307,68985,32548,57902,80808,89718,91810,13372,94805,0826,7900,6024,4856,539,13
PhuYen,2014/06/02,28044,74756,75679,30690,66416,49503,93588,11523,87907,98012,11359,51565,3472,1001,7534,4186,911,03
PhuYen,2014/05/26,69024,52021,58102,17011,06047,61120,92829,63556,95376,37783,03552,30749,5604,3492,0649,3927,790,12
PhuYen,2014/05/19,29639,74694,84499,55552,89270,89194,05924,69786,88801,76168,64242,08220,3055,2930,4409,3310,825,88
PhuYen,2014/05/12,32224,64156,99419,26733,37164,56734,00942,52286,93834,51894,49539,31284,0721,9124,5905,5191,996,85
PhuYen,2014/05/05,75564,69515,51034,39741,12003,48710,23092,06671,21636,98714,16615,68820,2813,3113,5925,6825,946,96
PhuYen,2014/04/28,68303,16608,20803,95237,51707,33767,59456,14447,12105,24121,97496,95868,4533,7301,4313,2894,259,92
PhuYen,2014/04/21,14814,24619,45232,33605,36491,72329,80300,94100,88272,89296,47816,72083,5581,6437,4476,7362,861,41
PhuYen,2014/04/14,87264,74337,31648,83312,75120,13051,14642,20973,22430,69196,90548,40771,9576,6190,9685,9961,240,59
PhuYen,2014/04/07,65007,43822,28138,51421,48804,72253,27057,78951,59194,51342,78134,24015,3541,0998,0463,1049,954,19
PhuYen,2014/03/31,19960,24394,95010,66096,45847,50390,90412,07605,82968,60537,23475,87758,8140,1007,8558,5985,731,21
PhuYen,2014/03/24,83173,92916,86701,23092,22247,86271,09899,88696,80119,01145,54808,09285,9996,4309,5748,1607,883,98
PhuYen,2014/03/17,86086,32967,95582,68618,36781,10832,64388,94247,53934,97203,62097,84438,8064,0822,2134,8682,407,54
PhuYen,2014/03/10,12100,82906,20997,14366,49379,05611,58605,59276,94304,90333,59492,00834,2213,3651,4171,4391,012,49
PhuYen,2014/03/03,33767,34583,36792,00506,85928,20165,37371,09725,60507,27339,08473,38898,4403,2894,0208,6422,454,74
PhuYen,2014/02/24,22187,82032,42766,93497,89188,59594,12589,07072,62892,93968,15374,70897,9144,9492,3991,4730,615,11
PhuYen,2014/02/17,22052,62000,69277,57919,81140,93938,73783,21256,79417,06824,78607,41757,7797,1400,2300,1215,109,47
PhuYen,2014/02/10,01275,15820,24796,59185,21719,19883,19996,67696,91347,64806,67403,18250,4765,5851,5684,3284,899,95
PhuYen,2014/02/03,31819,18591,42714,73019,50573,40524,41327,85134,50070,55231,78521,06079,0510,7769,9217,5911,634,94
PhuYen,2014/01/27,16066,00975,43447,07188,54624,59031,09392,93481,13589,70476,62678,68617,5213,1647,7850,6518,762,98
PhuYen,2014/01/20,15085,07622,14234,12096,96059,16956,38665,85881,41126,50518,01128,51267,9019,2562,8450,2919,839,20
PhuYen,2014/01/13,86645,34790,88564,48728,69246,43736,66036,11433,77374,92976,13265,88526,0667,3226,8189,7871,880,83
PhuYen,2014/01/06,53143,65482,99296,64840,75930,27917,67140,48070,94546,44937,56829,66190,8571,8308,2626,7800,482,17
PhuYen,2013/12/30,43499,38651,71365,50441,89633,08782,32137,17198,21679,98440,69148,16471,1925,0507,3737,1861,874,34
PhuYen,2013/12/23,65721,65966,37954,10652,35730,47224,61626,52966,90387,34909,22683,59209,1025,0308,6848,5471,987,63
PhuYen,2013/12/16,38550,09930,00849,97271,67696,43307,59475,42060,06508,53448,35257,09214,7145,8992,0205,9133,977,90
PhuYen,2013/12/09,20740,98074,13809,10996,93307,09614,33806,44258,71235,61191,46940,52816,0755,3390,2159,1206,783,03
PhuYen,2013/12/02,31337,56476,18842,26051,61117,75310,73558,36304,41798,28678,17718,52388,7195,1047,9056,9774,113,90
PhuYen,2013/11/25,73907,37418,90933,99817,39145,63907,03264,40833,96000,30632,90326,50543,8880,8913,4199,4389,371,08
PhuYen,2013/11/18,79158,50742,30827,07406,89144,84975,69559,70902,41460,41812,17690,99901,1442,8983,3129,4458,222,45
PhuYen,2013/11/11,14057,22276,88451,89705,85725,99822,00808,24481,12032,47245,66075,49062,1112,7293,0921,9878,185,25
PhuYen,2013/11/04,61332,80101,42044,87824,71723,86232,75015,42835,18241,80153,27944,31069,2848,6963,6522,0082,572,83
PhuYen,2013/10/28,44336,85495,91043,21052,18081,25129,44043,13967,33115,71943,94872,03006,6613,4640,1227,8394,964,65
PhuYen,2013/10/21,64605,24337,71536,93256,18129,81235,72746,23542,08330,84505,24137,18698,2297,3102,2499,9404,685,45
PhuYen,2013/10/14,30734,44006,56692,66824,38356,93858,27381,52985,53427,07960,11169,03770,9987,2068,3163,2041,141,04
PhuYen,2013/10/07,40037,93392,35668,82986,37142,55624,97622,13947,13533,94495,51262,01781,8520,6865,1501,5491,000,42
PhuYen,2013/10/02,09422,25033,14866,33591,17225,53370,07823,78968,10136,42650,86825,02774,8005,7826,6408,7671,480,48
PhuYen,2013/10/01,09422,25033,14866,33591,17225,53370,07823,78968,10136,42650,86825,02774,8005,7826,6408,7671,480,48
PhuYen,2013/09/30,09422,25033,14866,33591,17225,53370,07823,78968,10136,42650,86825,02774,8005,7826,6408,7671,480,48
PhuYen,2013/09/23,51700,99383,04812,51467,57343,39786,68565,27182,12297,90531,91016,01633,1662,9511,2239,7012,815,74
PhuYen,2013/09/16,82486,60078,81328,17738,10417,38830,18669,93614,03427,05794,63201,87850,4066,8202,7731,2202,590,23
PhuYen,2013/09/09,97494,47583,98978,33046,22048,80606,70700,24025,04795,23175,56192,26413,4827,9832,6668,0084,483,09
PhuYen,2013/09/02,53875,31956,83433,41868,06985,74097,62199,00392,94111,83131,83674,37248,3625,5028,4727,1621,036,43
PhuYen,2013/08/26,88541,14149,91685,90419,34237,37390,54549,41363,32338,59217,79552,84023,0188,5095,3744,0174,344,97
PhuYen,2013/08/19,57503,62238,10279,50044,23093,11843,17566,78488,22197,30861,16005,65962,2709,8466,7561,6711,862,55
PhuYen,2013/08/12,47830,04466,25693,63590,32251,96089,42461,04181,07554,04762,19479,19492,2438,9655,0289,8542,988,83
PhuYen,2013/08/05,63116,53748,58424,77043,20812,88947,82907,88810,94394,62166,23524,55676,2148,1450,5129,7392,189,63
PhuYen,2013/07/29,20832,82509,66609,50890,51034,79998,69871,57358,79837,84903,33559,34529,1156,9675,8853,3532,698,41
PhuYen,2013/07/22,81769,19208,15417,05793,95507,76078,35015,28404,81747,96032,44564,71454,1333,0348,7112,4135,127,61
PhuYen,2013/07/15,93639,10008,61621,46758,14368,33314,27634,22348,28028,01822,68146,37579,8567,7313,0955,7121,789,77
PhuYen,2013/07/08,74545,48978,73898,10286,70725,10696,97535,92325,70790,82916,45242,86724,6129,8362,3208,1828,404,64
PhuYen,2013/07/01,01605,86447,09550,31616,26251,72311,53452,81493,48545,19796,89682,77233,0456,4832,9115,4594,861,04
PhuYen,2013/06/24,48261,32727,25331,34408,37344,84766,20259,56729,09923,48133,41547,74345,0314,8656,9569,0956,583,38
PhuYen,2013/06/17,88479,90447,96912,74772,47512,76726,49687,92444,51984,99986,38476,37958,7969,0705,6649,0647,243,69
PhuYen,2013/06/10,68825,99089,01156,59839,50207,55222,17038,91426,17410,20962,53366,16728,7792,3988,3877,7029,319,89
PhuYen,2013/06/03,10184,85864,76773,29167,40633,46414,36504,39870,90957,02525,75951,76973,4111,9024,9792,2766,197,73
PhuYen,2013/05/27,90038,02709,92446,56248,55460,06725,84863,68503,36188,90730,63673,20111,3411,4061,5020,0294,574,54
PhuYen,2013/05/20,82213,13761,36930,97247,98566,00465,69573,83521,87156,50824,81639,16885,9087,8763,6364,2999,889,68
PhuYen,2013/05/13,99681,47779,03082,39993,11969,69154,62380,77953,24108,95639,79736,06385,2668,5157,0272,2713,492,03
PhuYen,2013/05/06,62362,21061,22823,43694,13524,69510,94654,61348,29261,32416,52366,82188,7779,0418,8249,0331,272,23
PhuYen,2013/04/29,01378,26270,73337,93048,06198,82151,00237,26472,34901,82999,33557,75062,1549,0115,9498,2919,584,11
PhuYen,2013/04/22,67808,13903,98295,39941,43840,60209,56258,89858,77125,84254,65319,23487,4347,7231,0248,1141,780,64
PhuYen,2013/04/15,50981,66889,32024,59676,18822,27273,14913,95377,27029,45369,58561,88637,2070,9965,2538,8456,718,13
PhuYen,2013/04/08,17334,86727,27344,44115,42036,19395,35371,47715,16952,79389,50249,24408,6026,3178,1014,2289,458,83
PhuYen,2013/04/01,64633,53174,65231,21852,33181,39636,37972,18157,73502,95060,32235,98104,0325,8652,8200,6175,014,93
PhuYen,2013/03/25,11977,40549,69056,98182,28809,74096,99284,25418,10981,55366,19081,84821,1968,2244,2766,4294,483,29
PhuYen,2013/03/18,58464,14682,06871,59549,41667,09674,31110,41838,09382,81019,86901,79576,5624,2824,3719,8031,929,26
PhuYen,2013/03/11,16746,51402,35294,10833,96193,88999,53504,25444,00055,72150,40885,67622,9188,0192,9649,9283,127,18
PhuYen,2013/03/04,58726,35755,52613,49403,64055,69685,77863,38412,54885,90299,57124,24766,6313,9192,7172,1422,576,71
PhuYen,2013/02/25,38858,99489,80430,64790,43187,33464,40563,41921,72993,20793,73373,67892,3266,1393,2154,2378,108,18
PhuYen,2013/02/18,52959,23071,71016,63805,53483,16428,76494,52137,02933,56509,99757,12511,3278,3230,5748,1915,281,36
PhuYen,2013/02/11,85555,08975,27746,29383,84549,20821,48830,67150,47505,84813,09900,87614,1192,0526,9006,5160,451,96
PhuYen,2013/02/04,40184,48842,14610,53805,76421,94473,40771,77222,11536,46105,69047,95034,0247,9949,5703,3476,450,27
PhuYen,2013/01/28,03760,65533,92241,13124,43154,23950,60511,96012,46214,05118,09359,89008,8935,0504,8616,1495,326,10
PhuYen,2013/01/21,45864,50404,98029,78416,44634,99138,09670,25451,99510,96739,99729,02621,9337,4691,9266,6105,181,20
PhuYen,2013/01/14,28243,87277,63471,46810,47294,94370,56652,22663,84085,59820,84966,21647,6660,7772,5840,2214,558,93
PhuYen,2013/01/07,74146,49316,11755,27718,24393,69225,34454,70172,04593,83265,77535,20480,1670,0681,5404,5735,294,52
PhuYen,2012/12/31,19697,73964,04938,73409,54545,96259,28800,90203,69869,09549,15828,78359,7158,5864,5017,1032,610,29
PhuYen,2012/12/24,93266,63641,91522,19240,66211,14933,16577,37852,01419,17208,36741,16179,6068,7243,4680,9745,251,90
PhuYen,2012/12/17,41725,27429,96166,35933,95149,86496,20356,25264,96586,24085,59656,16056,7807,2298,3272,3713,985,96
PhuYen,2012/12/10,55263,29935,49595,83065,45267,46387,85302,43670,10161,74543,57913,61536,7201,1651,7555,4768,207,39
PhuYen,2012/12/03,14158,04625,06073,10623,76192,84780,07726,54308,67290,08931,27945,95474,3400,7314,6015,9072,227,25
PhuYen,2012/11/26,71808,09858,28092,16146,04746,00986,11185,39128,68296,35842,89062,18959,4171,7104,1128,8439,671,31
PhuYen,2012/11/19,30577,48719,47892,44531,47373,41361,66319,60435,09051,36784,40610,32299,8620,9646,4598,8864,723,64
PhuYen,2012/11/12,61029,66166,96323,38601,82693,99312,30847,10359,75276,20970,93585,60771,2603,1603,4139,5591,208,84
PhuYen,2012/11/05,07844,59971,12217,48706,41319,08843,43411,37124,48909,10559,67817,24343,9520,8536,7019,2222,657,61
PhuYen,2012/10/29,03813,13811,26799,31177,36734,29229,81527,42622,06361,23658,34262,40368,3412,6100,4911,8282,228,72
PhuYen,2012/10/22,54171,18060,63914,36745,58282,00182,97841,49938,71120,50309,57585,88743,5812,5866,0742,4625,056,15
PhuYen,2012/10/15,50382,37265,21639,51247,43203,61782,81958,07440,25067,21323,31608,67979,7551,4412,9482,2037,619,50
PhuYen,2012/10/08,47267,76194,51549,58532,02311,27356,59414,28085,12108,24123,51150,57021,9322,1446,8123,1922,957,24
PhuYen,2012/10/01,55380,26932,12754,43327,45452,57724,81473,70069,81217,68596,82010,85399,9394,6897,0962,3626,452,24
PhuYen,2012/09/24,27440,47856,95615,61485,15850,19570,33230,22063,03415,47687,26102,48468,9004,0343,6553,9901,219,38
PhuYen,2012/09/17,92515,23148,22973,42116,28141,48679,14972,68748,45646,89197,06849,87704,5900,7996,0371,0478,182,50
PhuYen,2012/09/10,97019,09106,26006,00814,81708,03108,14637,04291,26024,57861,08563,89488,7266,3528,6121,3425,475,01
PhuYen,2012/09/03,87951,11362,24564,88713,32256,31867,53825,45553,67519,00586,88716,28376,9081,3118,5442,7959,022,39
PhuYen,2012/08/27,65980,86661,90624,72975,97151,84821,38905,86107,09983,59311,07740,57773,4018,0087,6495,3297,474,58
PhuYen,2012/08/20,56027,93143,85680,07903,89112,24374,21695,82353,11113,05797,98449,09399,6038,6929,2743,1923,864,06
PhuYen,2012/08/13,04643,35483,05465,55050,42630,68323,33678,51927,25014,57364,18299,79236,8263,2570,4229,8949,226,17
PhuYen,2012/08/06,43104,86084,52139,24103,62021,32022,94054,02240,48059,85331,08149,95465,5306,8842,9532,2770,245,46
PhuYen,2012/08/05,71086,79617,34525,33489,08189,80346,67975,15055,82084,88174,19056,79936,6160,9247,6761,4370,003,78
PhuYen,2012/07/30,69560,59149,09982,30897,27076,47132,61306,07677,39794,95969,66998,48460,4724,8954,9343,3516,260,34
PhuYen,2012/07/23,46756,20315,68462,46253,33375,25763,58161,44308,98816,03815,93803,04632,3699,9424,1702,4580,948,45
PhuYen,2012/07/18,71086,79617,34525,33489,08189,80346,67975,15055,82084,88174,19056,79936,6160,9247,6761,4370,003,78
PhuYen,2012/07/16,71086,79617,34525,33489,08189,80346,67975,15055,82084,88174,19056,79936,6160,9247,6761,4370,003,78
PhuYen,2012/07/09,43023,34630,94104,31371,31572,20680,71534,29164,63100,54472,95968,76020,1600,3233,5065,4243,808,62
PhuYen,2012/07/02,22553,75443,77926,84467,44457,76151,30309,57779,19999,77107,72815,00382,5446,1369,9939,0596,328,03
PhuYen,2012/06/25,12094,74452,66185,23586,85130,72840,92101,10673,04201,45754,95126,16392,1980,4067,5537,1459,739,75
PhuYen,2012/06/18,94505,98725,94927,94663,26776,61788,25644,49007,64307,52257,07047,15986,4442,7454,1518,5154,566,53
PhuYen,2012/06/12,70398,24077,78397,64676,86804,40887,89775,26262,99122,10316,12565,42388,8007,1352,5554,6049,684,62
PhuYen,2012/06/11,70398,24077,78397,64676,86804,40887,89775,26262,99122,10316,12565,42388,8007,1352,5554,6049,684,62
PhuYen,2012/06/04,30659,38580,09920,02219,35823,77173,16298,34470,97393,16693,32033,96805,7947,5310,3822,8748,418,46
PhuYen,2012/05/28,11511,46611,24910,46463,38991,92599,59217,80751,85508,10193,73002,64742,6177,7948,0938,0614,896,15
PhuYen,2012/05/21,42335,68678,05509,62292,15043,74278,62820,46779,83239,12471,15359,75440,0070,7658,7584,0344,007,50
PhuYen,2012/05/14,06875,30935,17969,59001,46595,35076,23964,36482,49989,82439,57951,14137,5009,1088,6623,2349,918,83
PhuYen,2012/05/07,75365,01339,52948,15683,52490,56282,62926,18381,60025,60904,93981,08229,7281,5722,4841,4300,361,35
PhuYen,2012/04/30,85968,12020,31158,42439,72663,51596,19907,47754,79491,85045,25948,53730,6185,0609,3060,0151,616,43
PhuYen,2012/04/23,66863,78838,67999,59337,18453,09783,03116,07023,50622,92335,55063,83251,0548,4692,7414,0241,529,29
PhuYen,2012/04/16,69501,00521,71655,75805,78965,43607,63356,59162,53783,02768,81905,49901,3950,6206,9739,1528,478,64
PhuYen,2012/04/09,90513,97491,64203,85849,06174,05215,07723,57771,49695,82900,78862,34672,6428,5751,7821,1014,155,35
PhuYen,2012/04/02,92681,52726,99449,56982,89417,92339,30548,06810,65456,79964,04083,62302,5751,8832,1992,4917,076,60
PhuYen,2012/03/26,99876,68572,15674,37084,06133,03588,97561,11856,73936,67719,50150,71077,3522,5527,9809,6716,117,87
PhuYen,2012/03/19,62114,24644,32932,70436,30377,21457,42249,59067,12108,57860,14370,10897,1424,0043,8947,1302,737,81
PhuYen,2012/03/12,55539,13968,49938,61491,68719,01062,13499,10895,49388,64347,65613,43374,3485,8736,4653,5108,138,44
PhuYen,2012/03/05,25097,75951,98636,40899,87141,38027,23226,25200,67489,76513,65996,31229,6101,1578,3515,6758,798,88
PhuYen,2012/02/27,41937,00030,18109,99490,03473,01898,65716,02473,85889,23860,38839,81563,8559,5651,3239,4055,659,49
PhuYen,2012/02/21,30731,21500,50074,50248,71744,48859,33328,19957,70791,97466,38395,54448,6256,1126,2635,1948,186,72
PhuYen,2012/02/20,30731,21500,50074,50248,71744,48859,33328,19957,70791,97466,38395,54448,6256,1126,2635,1948,186,72
PhuYen,2012/02/13,01905,94118,09699,73307,47480,61934,10254,79036,22455,89908,16018,72949,2620,4408,1041,3091,139,01
PhuYen,2012/02/06,16669,29586,33463,18363,63863,72716,42387,86555,55008,00210,21017,83964,7387,7442,5263,4604,309,68
PhuYen,2012/01/30,80093,52956,18444,31853,37997,58978,73775,45331,58626,77527,44839,11941,4243,4071,6836,5621,067,26
PhuYen,2012/01/23,26609,24108,35390,42014,95271,06690,70490,55988,04579,87055,26065,11223,3833,0657,8314,2748,655,47
PhuYen,2012/01/16,07240,64226,80404,73116,88478,33709,33426,51408,20118,62947,42215,26119,8422,9487,3294,3701,386,80
PhuYen,2012/01/09,35638,79813,84420,98486,75996,17609,17438,02711,00306,57432,16058,46011,0306,2201,5659,9586,319,15
PhuYen,2012/01/02,81764,33351,96764,39454,61716,80850,35318,43376,19677,25599,35204,33857,7801,6398,4316,0170,949,26
PhuYen,2011/12/26,70031,65022,04415,33147,63427,64137,73906,35166,21428,88923,79654,25328,8921,8459,9883,1545,659,23
PhuYen,2011/12/19,26828,85945,25330,63964,37436,94814,67279,68258,12929,27181,37158,04185,7663,6461,6770,9591,630,53
PhuYen,2011/12/12,02768,16060,20178,32157,23964,49045,03756,90238,85642,48796,42308,01832,9276,0139,0903,2903,474,87
PhuYen,2011/12/05,18110,14874,90178,22946,45893,08848,66026,46950,08756,69647,86442,80057,4048,2352,8686,9802,613,05
PhuYen,2011/11/28,97683,09016,78027,00403,82487,90858,13894,29581,01794,06648,33608,17155,6269,3172,1715,6012,057,75
PhuYen,2011/11/21,29238,92962,76420,36412,91366,40774,32040,35692,11659,37668,90503,55559,0384,1481,1608,2374,640,00
PhuYen,2011/11/14,19972,81969,83971,59743,91603,46306,99538,34243,84188,23558,46875,52147,1509,5357,3985,2668,628,59
PhuYen,2011/11/07,15997,16056,81658,28412,09867,58870,21624,78022,67882,14234,48102,91750,9406,4948,8462,9335,693,25
PhuYen,2011/10/31,38207,65625,06554,11825,60004,72144,69224,94600,61115,11075,59608,52024,4452,5175,7158,3013,968,49
PhuYen,2011/10/24,07936,48666,96556,67317,90483,07528,69416,58979,40143,16462,65106,84591,0249,2651,9189,5257,508,66
PhuYen,2011/10/17,56613,86961,53114,70393,60174,74755,91972,40502,04392,11909,11080,90942,0395,2707,6826,4408,110,60
PhuYen,2011/10/10,97942,72444,74146,54290,01793,52276,95501,90601,78082,68154,88552,04191,6833,6461,2855,3342,206,22
PhuYen,2011/10/03,59026,86355,09684,33910,81021,02456,70417,79644,85239,12498,25709,08006,3735,2666,4345,6798,706,88
PhuYen,2011/09/26,00851,85446,96884,48181,39555,07720,71945,68242,36031,85086,06868,80358,6396,6861,2252,8152,222,31
PhuYen,2011/09/19,40861,42825,35467,59032,35310,13665,74923,96434,52509,91879,41983,23386,2279,2073,6480,8733,141,43
PhuYen,2011/09/12,48988,22839,14967,90110,49719,63393,38702,46076,50577,58316,05522,86057,9084,5303,6630,1974,952,08
PhuYen,2011/09/05,99327,92835,90828,77542,76446,54370,88342,55332,07670,59838,55550,27141,5580,1859,8043,6425,861,84
PhuYen,2011/08/29,43784,58414,03790,00438,86292,32093,31544,79742,36142,84631,23041,89636,7215,5092,5181,5275,009,13
PhuYen,2011/08/22,35083,03481,07454,28708,00389,33595,38549,99188,13065,90609,71287,41791,6449,6477,0668,6663,364,78
PhuYen,2011/08/15,95192,73901,09308,88195,63881,78192,22716,50881,51868,43492,26482,37805,6307,0051,5730,1242,707,24
PhuYen,2011/08/08,71451,84572,90646,95315,33692,59816,24303,01308,61144,85228,96682,58444,1391,1355,9437,4352,331,20
PhuYen,2011/08/01,04143,33174,51523,54699,89796,76522,75302,63066,07307,86900,82953,75695,6921,0413,4511,3244,256,79
PhuYen,2011/07/25,35406,15118,67692,87879,28358,60979,92992,77446,04823,37843,93975,93782,6666,4520,4326,6720,512,22
PhuYen,2011/07/18,66463,67284,93988,07709,31668,93681,30318,77286,41358,91037,51335,57051,6209,2585,1312,4239,299,84
PhuYen,2011/07/11,20810,32885,25302,45250,02280,35412,41010,85473,85218,12341,20111,09118,0271,7173,5624,9800,790,55
PhuYen,2011/07/04,65138,77393,83713,02135,45550,79805,94547,89900,26448,72773,26363,45272,4139,7731,6903,7736,092,45
PhuYen,2011/06/27,79852,98487,79119,60619,17803,37203,74189,94437,47242,30697,08809,02017,9242,4137,7105,7520,811,33
PhuYen,2011/06/20,95221,83625,54797,90033,90782,38354,82162,79503,45036,55629,24542,99061,1267,1019,6802,8558,011,11
PhuYen,2011/06/13,78908,29916,30089,45678,79188,47728,48831,73571,49765,33039,91371,77957,8399,2774,8736,8049,197,77
PhuYen,2011/06/06,76643,15230,31068,20275,62128,03822,29068,07561,65859,89395,52738,80146,8520,7884,9315,4874,248,51
PhuYen,2011/05/30,89158,18836,54279,81993,70228,09064,72854,64348,82248,39532,33315,43564,9538,9089,3053,6005,371,71
PhuYen,2011/05/23,44736,42639,39280,22290,50204,22270,49804,13005,50814,35604,53782,87989,0363,8892,0354,9119,341,03
PhuYen,2011/05/16,00299,98127,11487,05596,54848,32078,68922,12030,52516,65247,16934,27516,4732,2174,3286,7190,461,95
PhuYen,2011/05/09,94383,43440,29203,10431,04440,73637,35731,39031,41561,72508,96540,53838,5498,4097,4248,3864,613,90
PhuYen,2011/05/02,67374,75550,01560,58988,28570,77107,40015,89259,26126,25119,86777,19789,0671,0707,9640,1083,223,20
PhuYen,2011/04/25,48399,80946,66224,42450,77106,05660,77244,21334,17076,98502,22712,60956,2856,2067,5965,1542,789,78
PhuYen,2011/04/18,03459,14470,93259,17085,41683,84342,25300,59013,77410,01967,10241,14300,4701,0915,0389,6096,870,00
PhuYen,2011/04/11,67492,38356,98660,98712,73336,16985,53726,75913,57318,60129,27010,75813,1673,7726,9223,6595,646,98
PhuYen,2011/04/04,90607,62358,82100,71890,00148,23747,87252,65808,46719,44475,82726,43043,0769,4810,5467,6170,505,00
PhuYen,2011/03/28,23961,72822,72659,28906,34211,55293,27171,34131,53317,54713,51237,93477,9067,0144,0290,2543,745,64
PhuYen,2011/03/21,51393,73388,43664,89715,93915,71376,24957,50956,25397,60149,86730,36851,5391,0028,5854,0126,676,99
PhuYen,2011/03/14,04328,75485,21897,79356,98251,28491,35383,62940,36555,16290,27481,78926,6689,4941,4824,0284,928,53
PhuYen,2011/03/07,81430,85213,19992,66634,84310,18094,85054,58520,73732,05796,24981,86878,0590,1531,1513,3756,307,68
PhuYen,2011/02/28,53174,52408,46078,19633,59932,58149,30408,18747,53846,17840,67226,30216,4957,0723,7766,4036,228,79
PhuYen,2011/02/21,33640,87822,22407,74939,64811,41514,91426,71659,89938,60487,18698,21397,4830,4120,9577,1599,930,15
PhuYen,2011/02/14,62949,63122,50211,31170,85713,12093,53218,05629,73549,08342,97928,17895,1161,6725,4460,1721,078,71
PhuYen,2011/02/07,22788,65409,22361,70977,50646,44577,14006,42062,93348,32720,31916,87453,1556,5728,9996,5538,213,50
PhuYen,2011/01/31,11330,54670,82525,59132,99858,89083,25554,89201,59779,99370,55859,37905,3254,0892,4266,5133,967,66
PhuYen,2011/01/24,21969,62007,81413,44283,54052,86703,42704,98976,44196,32388,25239,50260,5694,2700,4019,8597,912,44
PhuYen,2011/01/17,59960,17878,56194,42440,93508,92421,35643,05873,83216,27069,18088,71561,0320,7406,6811,4159,177,54
PhuYen,2011/01/10,02231,40914,35156,35214,16988,12704,20944,43874,24679,94642,70228,70717,1645,4078,9010,4259,317,97
PhuYen,2011/01/03,96606,09461,14102,32243,71453,72111,14784,92732,07374,98858,48112,76199,7246,3324,6848,1485,063,20
PhuYen,2010/12/27,21016,88746,77316,59475,38473,23933,99653,90759,11514,46182,36497,57792,3409,5028,0461,8431,538,58
PhuYen,2010/12/20,05460,19560,84710,99481,17938,67934,89854,11619,58895,06464,86900,75693,9730,2285,2532,0763,982,61
PhuYen,2010/12/13,94734,38459,17555,56687,90587,47034,69149,57676,75262,43134,63503,97590,0798,8288,9451,3169,128,77
PhuYen,2010/12/06,18585,68140,96456,51813,85296,23647,04441,49774,26482,63405,53111,83000,0561,9628,2257,4001,075,98
PhuYen,2010/11/29,93474,95085,58985,14364,50632,16031,83834,05094,23211,87756,41007,94952,2212,7050,0437,6662,131,51
PhuYen,2010/11/22,77411,38931,42491,23228,67748,46443,71612,47588,91791,37678,52695,40280,4129,6669,5566,5613,120,88
PhuYen,2010/11/15,86253,69791,14828,41285,77414,78972,22968,94286,95720,12407,93418,41383,8817,9906,4328,3311,103,81
PhuYen,2010/11/08,59839,42764,43612,98287,25453,31010,42321,34011,80644,38478,77608,69184,8526,5909,4019,0215,865,85
PhuYen,2010/11/01,70165,02745,52541,60841,81685,46256,49983,96037,91584,61668,16814,59776,0247,8059,5789,4339,956,08
PhuYen,2010/10/25,43859,36939,66397,49255,45904,52300,08687,39633,71505,61061,94296,12458,8455,2309,9576,5109,432,72
PhuYen,2010/10/18,96768,94340,94757,01782,93486,33732,70936,81816,49589,29214,11291,09665,1369,4274,0236,4347,516,08
PhuYen,2010/10/11,18261,00020,71366,31879,28079,81708,96681,18051,27352,75272,71851,85854,9418,7453,9353,0894,861,04
PhuYen,2010/10/04,93589,50563,61475,34795,90984,14449,02012,41678,66203,03629,11480,78100,8817,1106,4349,7932,394,13
PhuYen,2010/09/27,86603,92284,51002,08040,16914,53902,32029,70608,74868,46228,15531,33579,4067,8636,3781,8455,523,51
PhuYen,2010/09/20,43999,90734,87202,35825,55428,57223,88455,38592,82678,10270,87584,31569,0939,0391,5051,5289,271,90
PhuYen,2010/09/13,88550,55366,32470,43429,67398,01552,19527,61231,08664,04533,41875,95954,4344,6062,3844,8718,026,17
PhuYen,2010/09/06,42713,59996,81406,40709,31405,73651,25085,22992,27859,65849,14042,62423,6204,2667,2023,6615,634,60
PhuYen,2010/08/30,38000,19690,04117,37275,83673,86562,89402,23331,25133,25598,47002,65349,3076,0260,8932,2186,413,19
PhuYen,2010/08/23,74997,83482,31852,45371,12703,34287,88517,16188,26298,22741,42567,53854,5142,3311,5682,7042,268,78
PhuYen,2010/08/16,99181,75446,85753,60896,54647,83079,84045,91894,98589,50039,73873,62977,7333,5760,1945,9085,921,29
PhuYen,2010/08/09,97324,06380,60395,23570,37788,66550,48320,95715,68035,22958,49711,34845,3804,7922,9728,2942,864,91
PhuYen,2010/08/02,66417,77710,29119,66797,76431,82445,88818,94296,39273,63602,57495,52443,3869,4790,9538,7346,763,29
PhuYen,2010/07/26,20917,38347,66569,47843,01291,47544,09190,57326,82983,94579,78933,69207,2008,8441,7933,8113,920,59
PhuYen,2010/07/19,86535,92561,86369,37191,42255,31776,08128,68182,53359,34043,02843,82396,6409,7531,4176,3625,801,44
PhuYen,2010/07/12,54238,97864,41055,85336,00701,49403,51321,12687,03875,89920,88340,42285,8895,7650,1715,7919,108,41
PhuYen,2010/07/05,21036,67763,07242,46991,78908,11033,55355,03496,74349,13494,49323,43491,4210,2242,5057,8833,189,24
PhuYen,2010/06/28,09840,12470,35452,79381,55751,13727,86715,99140,52990,80179,81604,42399,7066,6092,6195,9008,063,95
PhuYen,2010/06/21,16210,87228,79816,41694,64176,74995,13447,43822,35440,06700,18812,68795,1866,3338,8879,6518,700,59
PhuYen,2010/06/14,19969,48391,85721,34239,37622,84214,23569,67404,30791,86425,46633,76888,8869,6712,6265,8972,772,05
PhuYen,2010/06/07,90671,93827,81384,32303,39840,30891,79327,06620,49153,16212,23316,86827,1431,1994,7030,0324,605,70
PhuYen,2010/05/31,66280,55871,63468,10800,78060,14536,88838,42601,91310,31051,70483,58094,1679,4562,3980,8010,801,88
PhuYen,2010/05/24,38083,69044,60421,49265,10254,67556,81665,61967,91726,86117,49915,31811,8178,0448,8400,7751,490,77
PhuYen,2010/05/17,32377,25922,97920,83205,53955,25909,58241,50847,18829,14784,61141,51160,4013,6994,7031,4320,889,95
PhuYen,2010/05/10,15668,13569,81958,14155,33991,32556,61230,28306,76942,84610,27350,02808,8384,2167,7292,4706,689,25
PhuYen,2010/05/03,47959,24578,44863,68912,46141,11169,22005,72528,27416,58788,08537,00119,3679,5853,6662,4914,336,97
PhuYen,2010/04/26,19647,36909,71073,66444,62539,42842,06112,70178,30066,93514,14177,80988,8954,5544,2729,0439,170,35
PhuYen,2010/04/19,58247,85502,05431,44390,58890,86676,13544,84982,75352,44556,01903,82765,2803,3280,6937,7735,415,72
PhuYen,2010/04/12,91250,61885,50696,24533,67182,03232,67044,61546,41108,70923,08091,79086,1304,7564,5922,8276,619,02
PhuYen,2010/04/05,74796,76684,47770,69913,71376,89231,69991,55330,49987,46925,36196,60791,0147,0992,5276,1199,078,27
PhuYen,2010/03/29,39786,36117,25911,76154,55892,54056,75392,23907,07775,52417,46126,62452,0568,2650,1522,6348,023,32
PhuYen,2010/03/22,61238,66373,54156,99513,40113,03123,59251,05014,11126,90314,53016,12328,7302,4666,7003,7584,899,91
PhuYen,2010/03/15,23931,61741,22660,52976,88367,44924,05716,45269,32175,69892,09201,39955,9911,3418,6092,9147,186,53
PhuYen,2010/03/08,92305,99387,21129,74071,08751,23012,49303,45406,30550,68078,12783,57143,5619,7953,2864,4668,821,47
PhuYen,2010/03/01,77565,84992,04114,04989,03174,61046,44711,43017,44334,56155,75526,16716,8617,6626,3276,1183,012,16
PhuYen,2010/02/22,06960,87903,64599,45309,52341,04656,66104,61218,42524,22224,07345,20210,2054,6026,1292,2627,474,08
PhuYen,2010/02/15,32463,99651,71403,62261,07035,88434,57108,91457,61045,38111,60635,68705,4988,1668,7984,3452,684,76
PhuYen,2010/02/08,83842,28558,31828,04412,12275,89866,04096,75649,14953,56718,11665,59868,7026,8136,0663,3774,148,37
PhuYen,2010/02/01,69328,81127,05310,75868,96301,84148,96933,20293,14563,52880,53058,51016,3744,7053,5668,6608,704,18
PhuYen,2010/01/25,03807,66192,97146,71872,96246,97054,58450,94117,87859,21323,34996,10867,3638,6056,7315,5080,875,13
PhuYen,2010/01/18,95501,87558,57175,49298,29815,80600,93698,80960,97485,09877,76647,10158,1471,2040,1777,1500,328,54
PhuYen,2010/01/11,56648,36680,68401,64704,33970,98805,21550,23071,85847,92608,75160,71125,5404,6070,3670,8132,103,82
PhuYen,2010/01/04,06278,47799,38708,00869,78166,81235,28759,45957,05798,66327,06512,01635,5732,4741,6924,5321,604,14
PhuYen,2009/12/28,44587,15408,51218,43300,94397,20212,11545,92178,34020,43852,04180,74772,0171,1530,2687,3001,909,88
PhuYen,2009/12/21,60429,98403,73981,38662,54623,11267,96240,06921,71938,34729,37077,17454,3768,3722,1216,1663,463,69
PhuYen,2009/12/14,16877,97410,86225,87171,41616,68143,16182,50770,64963,45081,63402,40171,6041,5474,7600,6724,775,47
PhuYen,2009/12/07,03147,54172,82053,10830,70038,03319,64903,42881,05737,74097,35303,06678,5227,3336,3013,4849,848,22
PhuYen,2009/11/30,29799,42329,62514,28665,88552,18414,54100,96549,90709,29148,48108,49599,1506,0624,0368,0848,195,27
PhuYen,2009/11/23,44912,10906,47742,87855,91427,17108,08805,78264,92358,90094,46384,98891,2276,5865,2606,7993,690,75
PhuYen,2009/11/16,88391,36688,18517,90413,84072,15878,32802,92984,24403,59704,52232,62038,2440,6301,8307,7335,394,43
PhuYen,2009/11/09,25294,57095,59039,64425,99831,04815,39592,47495,31456,51523,52806,04084,6962,5250,7757,7831,440,62
PhuYen,2009/11/02,87450,10233,60962,18619,64581,02379,69450,65452,26151,91839,35339,74812,1893,2295,3637,1332,000,58
PhuYen,2009/10/26,42312,57578,25089,25774,07063,07093,81437,07572,52771,10779,60662,70872,3963,2316,0763,0624,901,62
PhuYen,2009/10/19,79527,75041,04070,93975,04728,62787,00689,37148,25725,84363,72844,42480,5843,2959,2681,0454,732,31
PhuYen,2009/10/12,63043,06479,81964,38689,85666,05352,77856,78552,35741,18219,54854,82662,0997,0714,0343,1706,576,68
PhuYen,2009/10/05,28546,65848,73739,60687,11912,61436,69464,21824,38063,97554,42800,14621,6767,7033,1637,9835,809,10
PhuYen,2009/09/28,80303,72518,24548,17143,96989,98638,66890,10372,72363,90758,73720,16480,0975,2454,1588,0262,685,91
PhuYen,2009/09/21,18262,98613,08323,67633,95844,01451,86814,04637,97458,16271,27117,30235,8823,0933,9580,3016,110,30
PhuYen,2009/09/14,49357,77860,56896,13035,85080,88660,02519,24127,18478,42992,44137,45351,1726,5202,4291,1407,567,39
PhuYen,2009/09/07,58787,28437,78593,16761,97373,28244,77771,49033,10836,79283,17394,85177,6888,3719,4439,3182,357,78
PhuYen,2009/08/31,06203,65294,69593,34072,98954,01504,35869,95743,20499,18268,88620,91440,3423,7500,4657,7367,625,04
PhuYen,2009/08/24,34949,12896,05324,81245,62073,81903,67766,30109,63802,09900,19249,65938,8510,7190,4216,3216,487,70
PhuYen,2009/08/17,75804,05986,95740,92764,26336,83786,41487,66290,71434,17475,39730,15439,1074,5875,1089,1011,587,71
PhuYen,2009/08/10,37582,55334,29955,06461,16470,47687,35922,56489,85409,97416,75956,27234,3866,7132,0347,7354,187,46
PhuYen,2009/08/03,70788,41762,09550,16091,89431,72571,15099,43855,05866,14229,26681,47404,6068,0105,2094,7073,362,31
PhuYen,2009/07/27,89907,58015,46371,25511,30139,99215,29557,11122,14234,04558,99917,92857,2238,7303,3110,9387,493,61
PhuYen,2009/07/20,57067,86389,42797,51445,14298,20541,17711,74733,12089,62302,76731,03612,3418,1413,5872,8344,282,50
PhuYen,2009/07/13,84259,17258,49034,77621,17481,59110,59636,46552,04673,82356,76704,17999,6164,5164,7873,6298,559,90
PhuYen,2009/07/06,52837,18709,28438,06860,60531,32762,53646,59698,57180,19579,69844,81796,5681,7090,6075,1095,793,63
PhuYen,2009/06/29,25221,25844,42420,90462,30732,18219,74847,50513,44388,10986,79421,52654,8168,6630,8621,0298,673,11
PhuYen,2009/06/22,75168,88684,09820,85005,72914,73260,89599,58044,07434,50066,81060,12060,4154,3271,1457,7401,534,72
PhuYen,2009/06/15,36204,43824,32858,81218,20541,05419,08266,09862,73149,10553,27317,29112,3998,5058,6408,6689,211,63
PhuYen,2009/06/08,09736,63412,10669,87610,85064,17656,99602,78812,81699,08164,07041,27824,1438,8688,0945,5324,146,47
PhuYen,2009/06/01,42758,06135,49000,07957,52550,24948,89937,48786,80097,49489,95015,80044,8260,3246,4365,0487,316,65
PhuYen,2009/05/25,70157,59954,73000,29516,06106,52737,50203,87977,18042,70971,36351,84390,5019,9235,0488,0518,935,84
PhuYen,2009/05/18,19809,39242,61323,82179,59527,20492,80987,13152,24748,11765,71452,03689,2906,1818,1592,4719,260,33
PhuYen,2009/05/11,27641,21424,22970,70182,96469,12222,10000,24603,52696,49891,26052,15322,3393,0120,9630,8743,256,75
PhuYen,2009/05/04,95500,69446,72809,49309,99858,29832,80806,01712,51130,81850,01915,33962,6296,5088,3529,8235,328,94
PhuYen,2009/04/27,07186,14215,67037,35335,51420,60873,53226,08026,06016,80016,02316,09191,9082,0638,6970,9140,814,19
PhuYen,2009/04/20,14526,61959,77355,97706,12794,37602,53652,67944,14028,65450,92335,95501,6231,2110,0945,2010,508,27
PhuYen,2009/04/13,09695,99136,96825,62128,25202,35841,57802,26373,18152,99654,08185,41269,8849,1578,5259,0921,169,97
PhuYen,2009/04/06,81712,09004,26562,70555,25563,39803,83026,17885,19786,44440,66025,59588,5715,5157,0605,2692,573,54
PhuYen,2009/03/30,30895,84932,80119,81183,18071,70428,09411,98460,04988,60963,05091,90089,7962,7845,4899,6509,688,32
PhuYen,2009/03/23,63102,68502,43197,63635,54929,74104,66071,42308,26609,30795,17823,72716,1252,8483,8207,3694,820,65
PhuYen,2009/03/16,65296,18570,10071,09243,44394,99203,17571,76398,42628,52514,29651,18370,9205,4045,0034,2560,876,50
PhuYen,2009/03/09,68654,94921,56428,57661,41330,45647,69471,07546,58932,34140,95249,70910,2975,8070,9659,9911,863,95
PhuYen,2009/03/02,89404,43426,64864,77081,88272,17922,47928,52207,21117,16410,69789,18406,0654,8188,2957,3049,955,80
PhuYen,2009/02/23,66475,69509,83027,14687,66957,91782,17985,38174,97895,29391,01875,22502,0794,5870,3066,6482,404,47
PhuYen,2009/02/16,43759,49026,04298,12005,37046,40061,43105,46610,47070,24341,10221,46742,4778,9402,2442,0434,208,71
PhuYen,2009/02/09,50729,14654,21769,64561,61376,27637,51377,32481,85200,48251,69982,34951,5794,9522,0140,6326,743
PhuYen,2009/02/02,58287,73228,55271,16798,53099,36022,88881,83366,35032,23981,39635,33307,0091,8615,7806,1007,912,01
PhuYen,2009/01/19,51800,87816,01461,45719,68659,25792,00241,78365,79084,15348,28726,04096,2624,4082,3877,3685,515,44
PhuYen,2009/01/12,00247,34867,23311,75018,18992,53116,32763,70540,40993,16405,86486,95329,3310,2814,8286,5101,478,43
PhuYen,2009/01/05,18689,66374,24197,15730,78365,67139,85757,37471,82079,89879,95690,98846,9797,5818,9773,6196,880,04
PhuYen,2008/12/29,48108,68249,62508,73909,54074,94530,12313,99128,44500,16037,78632,86149,7044,8393,8875,2071,493,78
PhuYen,2008/12/22,62403,14791,15341,04508,31428,80199,87156,48128,86953,39897,16999,56548,3277,4547,8898,8267,041,94
PhuYen,2008/12/15,33166,51734,86672,67893,84065,32907,93886,85712,92227,43995,62848,61038,6734,9989,6522,2207,518,03
PhuYen,2008/12/08,37935,42760,05308,59208,82053,59757,17056,73661,48430,92138,20802,81908,2047,2383,3222,7450,386,52
PhuYen,2008/12/01,21312,56704,07021,79553,11569,66063,89418,97668,60618,51922,22574,52071,7684,1488,5262,5092,246,00
PhuYen,2008/11/24,60723,92312,32806,70019,32801,39441,61069,99342,06364,49741,17667,11336,5788,3005,5290,8589,868,87
PhuYen,2008/11/17,23105,92736,10661,82344,88208,17342,95538,89038,64793,26116,55586,42079,2602,6511,9039,4573,481,07
PhuYen,2008/11/10,36187,09990,64986,53150,04997,13379,19949,44148,62772,06949,81777,23224,6499,4777,7026,4696,624,18
PhuYen,2008/11/03,14195,76899,69029,99348,74034,30116,86600,30468,77646,31961,34355,36956,6435,9774,3352,8457,104,40
PhuYen,2008/10/27,17729,45563,38836,98589,12556,71828,04046,41781,37761,41259,80823,68029,2726,3445,6305,6320,698,79
PhuYen,2008/10/20,53653,62582,49325,75108,44072,72924,06884,29810,35836,14540,01912,01014,5073,2459,3144,2425,439,70
PhuYen,2008/10/13,14321,37791,44402,38552,20318,97003,40562,54000,90303,64408,00470,31432,2141,3292,7017,1750,830,76
PhuYen,2008/10/06,58721,43889,25207,31878,56011,91950,22984,83336,84262,36022,08260,93132,2260,8609,4104,7498,104,16
PhuYen,2008/09/29,50272,84887,68693,62263,63146,44555,06024,61877,08954,60121,26276,06515,9333,2571,8302,1568,356,57
PhuYen,2008/09/22,97826,56119,07343,60296,04368,05536,09326,70456,22251,90842,36409,33427,5661,8632,2456,0472,040,01
PhuYen,2008/09/15,74943,89297,61609,12764,51323,70047,63449,81564,31784,43602,54216,39078,8600,4029,9028,0714,100,10
PhuYen,2008/09/08,87411,21900,14536,38449,61584,32560,31551,42298,56260,37250,85377,48262,6481,8483,7476,6179,098,87
PhuYen,2008/09/01,18284,83780,72837,46803,27915,67170,10158,81510,08145,64876,26044,26437,7588,2306,4705,2191,962,01
PhuYen,2008/08/25,00422,93173,20585,52387,37352,51296,67591,41713,67755,78581,03482,69456,8844,4734,2005,7188,513,63
PhuYen,2008/08/18,84166,12964,61210,89868,45365,24032,31828,87948,17104,70674,68619,57961,4898,9125,4036,9222,632,17
PhuYen,2008/08/11,83711,85620,53249,85360,26610,55699,21315,52963,96859,92187,53308,63355,8483,9006,8246,9343,532,31
PhuYen,2008/08/04,98827,57235,22891,85158,81314,93229,12031,86197,31176,12310,35382,47423,5723,2811,1099,1738,710,49
PhuYen,2008/07/28,96390,06409,55337,90242,91924,52911,63420,23983,68109,96204,24321,09767,7876,1051,4965,4828,950,87
PhuYen,2008/07/21,28728,22283,49389,10519,40012,40782,08653,75447,03939,66867,36912,32603,0616,7662,6179,6617,443,28
PhuYen,2008/07/14,70977,66494,13167,80658,80040,19490,40623,63031,04194,51990,50500,13638,7017,3756,1409,9409,705,22
PhuYen,2008/07/07,82425,12192,24956,84910,44200,97718,16153,17321,87618,42428,23761,10301,2044,7838,5561,0929,030,39
PhuYen,2008/06/30,80075,05336,54410,52876,74392,01544,73609,19278,49997,91772,90092,41599,3265,1977,8553,2578,045,53
PhuYen,2008/06/23,15209,22732,51755,50965,41760,90067,81853,50636,60483,49837,55709,20814,6226,4467,1628,5541,418,39
PhuYen,2008/06/16,71434,91958,83736,37991,91064,46919,75539,39589,82882,04704,64859,83854,0757,2816,4714,6623,581,59
PhuYen,2008/06/09,36673,66969,43079,11185,08192,40912,85355,55959,14279,76696,31025,85156,1204,8105,9548,5841,585,56
PhuYen,2008/06/02,89813,71066,93361,23296,03779,35602,66424,31023,62883,93705,17272,39574,2028,4380,0015,4852,331,73
PhuYen,2008/05/26,99092,72244,00172,82662,02862,25574,46769,95334,25854,63987,52207,75726,6857,0131,6325,5140,553,35
PhuYen,2008/05/19,21230,03016,96744,85937,23325,14902,95025,83030,83988,50931,04271,80212,9628,8912,0506,9587,817,30
PhuYen,2008/05/12,25951,58599,88783,23179,97892,58748,61238,23776,84505,55937,64850,30782,7329,2279,8541,8870,508,24
PhuYen,2008/05/05,37127,14956,32183,98735,37490,84483,96385,37485,05567,98934,25083,17131,1310,8404,0035,5943,451,67
PhuYen,2008/04/28,04031,02241,51107,83700,71778,97986,99663,21194,37087,76623,47239,3173,4821,9145,5962,3700,127,85
PhuYen,2008/04/21,96692,82057,34622,00225,91996,51549,92887,74379,98073,05612,74949,0236,1862,2030,2248,2272,137,86
PhuYen,2008/04/14,54102,90829,35984,46366,72822,34430,04213,50128,25919,05861,83497,6653,1601,0342,0701,9214,315,78
PhuYen,2008/04/07,76487,80972,86742,46261,17250,92398,80780,94726,77601,40361,89737,7724,5464,1063,8134,6016,349,01
PhuYen,2008/03/31,16458,76970,06966,77337,28191,39375,73345,13770,24948,66277,29704,9517,5054,8297,9681,1620,666,14
PhuYen,2008/03/24,63325,27631,11008,93612,63870,49252,37864,89238,54448,03563,81599,3774,0352,9575,8821,7752,525,83
PhuYen,2008/03/17,02829,18401,73036,33192,69059,83696,89127,77966,88239,02726,99642,6047,6082,4622,2216,4898,938,51
PhuYen,2008/03/10,14601,11497,17282,62579,34980,48416,54786,25105,32072,98334,20080,3079,5523,6359,5053,7730,720,62
PhuYen,2008/03/03,04468,25221,92015,26760,09733,26895,20861,99447,56218,88587,78802,3043,1475,4772,3039,8181,859,63
PhuYen,2008/02/25,59786,48282,28193,51210,31447,48132,47484,13093,99006,36018,28501,0219,1360,4747,6563,3663,841,41
PhuYen,2008/02/18,17530,81025,43247,01551,60498,99632,70018,36822,96456,08900,49569,6410,9680,1840,6222,5585,320,22
PhuYen,2008/02/11,66618,11161,59152,83847,51932,33422,80580,29973,79388,39108,66888,9817,6603,7125,7898,8680,919,49
PhuYen,2008/02/04,74608,44965,36410,26824,53797,35498,79658,86221,34973,25631,78363,4553,1285,4568,1675,1899,243,79
PhuYen,2008/01/28,44774,75744,67414,29529,10736,11491,91785,92373,48836,23185,76128,5811,4645,5151,6807,1342,705,64
PhuYen,2008/01/21,79189,73025,52588,00539,31240,29296,87515,96928,15206,03853,37099,4658,0227,5666,8302,0735,997,15
PhuYen,2008/01/14,22048,89071,98987,03341,87383,21443,90687,67774,32967,21425,50700,8060,6460,3228,1133,7766,487,05
PhuYen,2008/01/07,43342,77828,25895,71033,24940,25491,68738,22118,35167,36734,08411,5039,5716,2352,1704,3050,477,21
PhuYen,2007/12/31,05913,62612,61375,41116,97679,38202,07333,47018,37709,72773,76845,65558,4193,3866,7655,8213,018,51
PhuYen,2007/12/24,52183,87383,58485,03863,67485,77348,58639,64720,28178,33693,84138,33195,1213,8645,9032,6659,088,30
PhuYen,2007/12/17,32207,62094,86046,67609,16538,26175,21900,79395,03706,90688,85483,53290,2346,5370,3368,8711,757,89
PhuYen,2007/12/10,46629,12610,06440,69540,66971,86011,60665,36042,03803,67750,15446,36975,6334,7632,8883,7855,465,35
PhuYen,2007/12/03,47962,77195,54048,20458,47202,58332,73107,59094,87155,82841,57450,29935,1315,3494,7783,8199,680,80
PhuYen,2007/11/26,88316,78453,00505,29037,51308,97807,14257,06931,35961,55323,80238,37842,0740,6918,9765,7471,369,62
PhuYen,2007/11/19,25276,30841,21123,35801,44709,31943,24270,50872,96590,83825,87892,77707,6144,6550,2075,0647,313,41
PhuYen,2007/11/12,41277,33682,41815,29540,96134,05899,23281,49542,57182,36297,71359,67617,5133,8462,0831,1595,424,29
PhuYen,2007/11/05,19289,38529,73192,25645,13686,50526,54411,86061,22339,29009,82567,89161,5212,7865,2919,7616,134,10
PhuYen,2007/10/29,52776,12218,16038,38602,37958,30469,32959,11069,17323,34567,29411,58358,7463,9732,2395,3719,581,76
PhuYen,2007/10/22,46888,23591,13945,22470,66403,99909,09270,04679,83165,42363,93056,30213,4137,9897,9796,7249,424,52
PhuYen,2007/10/15,91083,24510,66156,60453,04125,37256,61694,69243,12470,92149,65326,82571,5580,8796,4846,1609,088,85
PhuYen,2007/10/08,53104,74091,24404,94367,14483,12067,00642,91890,17027,16557,02654,95977,3339,8461,5547,7394,127,84
PhuYen,2007/10/01,54912,04109,79225,74274,87580,41341,12376,18289,76264,61614,12879,28257,1657,3345,0393,4547,875,47
PhuYen,2007/09/17,70874,61666,69140,24287,07330,81749,28491,37257,14343,66614,10163,13784,5763,0626,5781,2485,923,21
PhuYen,2007/09/10,64648,26042,76598,00940,04844,01547,49220,17099,89217,60376,00778,26833,9356,1070,6406,5616,161,26
PhuYen,2007/09/03,13365,12992,71464,40925,06195,94119,14351,64116,10606,01784,26741,30589,5842,5686,9338,1158,041,82
PhuYen,2007/08/27,63270,76928,71312,65360,00969,30063,30467,98034,80083,47081,58281,49142,2445,0544,8702,9149,479,42
PhuYen,2007/08/20,70467,82153,64604,11914,20121,35731,26178,13577,66081,13305,81022,49969,5382,1269,3849,8945,391,26
PhuYen,2007/08/13,62537,56515,02991,99698,14111,50192,08038,31133,41529,21468,49355,64490,2241,3623,7363,6220,274,57
PhuYen,2007/08/06,91262,33362,00932,74121,82177,40306,51520,79789,15009,38040,42817,59441,3974,0433,1851,8808,693,55
PhuYen,2007/07/30,50697,72424,06756,19928,41588,76116,29042,36853,55492,28916,06616,05271,5262,9242,1622,8876,977,67
PhuYen,2007/07/23,97506,53362,08220,96945,52303,67624,69421,00870,28268,61583,92757,37308,8386,0651,5999,8048,334,89
PhuYen,2007/07/16,73299,00198,43329,37810,70911,85909,13197,95076,89276,11162,36575,20760,8397,8210,1151,7171,410,54
PhuYen,2007/07/09,61039,14009,60622,80472,74597,86417,28130,61241,04285,40714,69878,12373,8433,1187,8484,4927,324,99
PhuYen,2007/07/02,13628,85135,32386,10823,01482,35583,27931,50124,11555,87576,34174,00590,6126,2448,6970,0223,409,07
PhuYen,2007/06/18,62284,03716,45936,13006,15603,62026,75594,77297,88572,60249,43972,78210,2265,9855,4287,5216,709,46
PhuYen,2007/06/11,30848,85759,96972,55593,59158,18147,54989,93099,53550,41452,41749,41133,2637,0398,4903,4936,390,07
PhuYen,2007/06/04,54209,52604,98332,97934,48455,26660,79367,53639,49017,66455,91873,67662,4709,6546,6137,6210,506,23
PhuYen,2007/05/25,06546,25877,76048,87639,38678,23922,45356,15047,69257,98268,93604,16957,1736,4050,6130,2771,321,90
PhuYen,2007/05/21,87999,05766,30715,08017,32567,37145,91784,14510,56858,18830,11677,14225,3976,9812,8491,0824,837,46
PhuYen,2007/05/14,85210,81165,34611,56660,99184,34676,85292,78757,81724,65850,20859,18197,3654,0150,4837,3443,978,42
PhuYen,2007/05/07,02523,06159,58981,51893,58714,87364,58538,17642,34372,03105,14699,13162,2774,1336,4272,6058,250,88
PhuYen,2007/04/30,73539,66256,83670,60550,84386,11243,08660,39265,16703,38095,73370,89264,1643,5867,5925,2969,100,45
PhuYen,2007/04/23,62945,82424,30465,02445,67346,46525,54168,38425,35340,66349,85855,85318,5471,3638,7852,4361,414,10
PhuYen,2007/04/16,86433,93262,12264,22956,55356,88993,12518,03855,45211,91110,95960,29903,3047,7605,6073,5043,878,00
PhuYen,2007/04/09,13819,26081,01150,11439,86905,22725,93694,25832,85111,84034,51440,92349,0954,9480,8660,4418,347,83
PhuYen,2007/04/02,71723,62307,33060,09079,01514,13678,85586,14920,65897,00856,16461,79555,6572,0180,5358,5922,893,27
PhuYen,2007/03/26,21228,96296,51690,92468,84293,08508,50046,92257,90738,74740,20519,53024,8897,5223,6996,2604,892,62
PhuYen,2007/03/19,23728,80668,82329,74618,08317,11744,26912,94334,01763,86123,45369,72225,3630,1111,0140,4108,436,32
PhuYen,2007/03/12,39637,97956,11481,66997,72996,89190,89148,20708,36385,07825,67479,77398,8111,1749,3358,3258,902,21
PhuYen,2007/03/05,63131,85943,39556,67631,19564,77610,68675,71650,12269,20320,22448,16282,4447,3154,4111,2083,240,39
PhuYen,2007/02/26,63131,85943,39556,67631,19564,77610,68675,71650,12269,20320,22448,16282,4447,3154,4111,2083,240,39
PhuYen,2007/02/19,21022,75313,71499,23312,48904,02640,84387,49193,77905,53990,65050,25539,4283,4165,9496,4511,201,40
PhuYen,2007/02/12,72457,14683,62079,91399,62079,93626,18341,12257,40213,59134,54298,85118,2267,1034,1368,4390,545,19
PhuYen,2007/02/05,98822,17760,21922,08858,03221,81056,93116,47074,82230,25746,32955,82549,1250,7774,3132,2397,597,26
PhuYen,2007/01/29,76361,39008,87351,99337,84811,49188,41315,37511,02280,59915,62485,04384,8994,5394,8297,0311,579,84
PhuYen,2007/01/22,99366,49989,51065,40394,58173,96864,57870,26441,20961,78628,88569,41239,0418,3352,0422,2420,831,02
PhuYen,2007/01/01,90386,12435,46871,80891,94279,62219,32571,08056,41261,61302,66158,12287,8143,9566,4668,0056,080,09
PhuYen,2006/12/25,39479,11327,16882,40827,90838,99602,54791,57891,47636,87340,58625,81155,4817,6059,3655,5105,183,07